agent,run_id,repo_slug,variant,step,status,reason,report_status,started_at,finished_at,duration_seconds,input_repo_source,project_key,scan_label,sonar_task_id,sonar_submission_worked
codex,20260505T122153Z__ulisesbocchio_jasypt-spring-boot__2243cb80,ulisesbocchio_jasypt-spring-boot,original,lidskjalv-original,passed,,passed,2026-05-05T12:25:03Z,2026-05-05T12:32:29Z,446,brokk_original,ulisesbocchio_jasypt-spring-boot__original,original,AZ34IAEBt4ozIRTGTcBB,True
codex,20260505T122153Z__ulisesbocchio_jasypt-spring-boot__2243cb80,ulisesbocchio_jasypt-spring-boot,generated,lidskjalv-generated,passed,,passed,2026-05-05T13:02:15Z,2026-05-05T13:05:20Z,185,kvasir_ported,ulisesbocchio_jasypt-spring-boot__generated,generated,AZ34Ph0ct4ozIRTGTeIr,True
codex,20260505T122153Z__ulisesbocchio_jasypt-spring-boot__2243cb80,ulisesbocchio_jasypt-spring-boot,v2,lidskjalv-generated-v2,passed,,passed,2026-05-05T13:45:50Z,2026-05-05T13:49:02Z,192,kvasir_ported,ulisesbocchio_jasypt-spring-boot__generated_v2,generated-v2,AZ34ZhojGZ8ITdfpFXs9,True
codex,20260505T122153Z__ulisesbocchio_jasypt-spring-boot__2243cb80,ulisesbocchio_jasypt-spring-boot,v3,lidskjalv-generated-v3,passed,,passed,2026-05-05T14:23:43Z,2026-05-05T14:26:31Z,168,kvasir_ported,ulisesbocchio_jasypt-spring-boot__generated_v3,generated-v3,AZ34iGsCDYwLL4iD5e33,True
codex,20260505T150455Z__mbechler_marshalsec__243c5aa8,mbechler_marshalsec,original,lidskjalv-original,passed,,passed,2026-05-05T15:05:13Z,2026-05-05T15:08:28Z,195,brokk_original,mbechler_marshalsec__original,original,AZ34rtP-DYwLL4iD5hw5,True
codex,20260505T150455Z__mbechler_marshalsec__243c5aa8,mbechler_marshalsec,generated,lidskjalv-generated,passed,,passed,2026-05-05T15:31:46Z,2026-05-05T15:34:08Z,142,kvasir_ported,mbechler_marshalsec__generated,generated,AZ34xlidHEvY9BWaz1Re,True
codex,20260505T150455Z__mbechler_marshalsec__243c5aa8,mbechler_marshalsec,v2,lidskjalv-generated-v2,passed,,passed,2026-05-05T15:57:16Z,2026-05-05T15:59:39Z,143,kvasir_ported,mbechler_marshalsec__generated_v2,generated-v2,AZ343bQOjHuTJcX3B8WU,True
codex,20260505T150455Z__mbechler_marshalsec__243c5aa8,mbechler_marshalsec,v3,lidskjalv-generated-v3,passed,,passed,2026-05-05T16:22:25Z,2026-05-05T16:24:48Z,143,kvasir_ported,mbechler_marshalsec__generated_v3,generated-v3,AZ349L2tU-9KCPUrEBNH,True
codex,20260505T150537Z__frohoff_ysoserial__218bcffc,frohoff_ysoserial,original,lidskjalv-original,passed,,passed,2026-05-05T17:52:52Z,2026-05-05T17:56:08Z,196,brokk_original,frohoff_ysoserial__original,original,AZ35SFV5rmvY_3DNnAc1,True
codex,20260505T150537Z__frohoff_ysoserial__218bcffc,frohoff_ysoserial,generated,lidskjalv-generated,passed,,passed,2026-05-05T18:25:56Z,2026-05-05T18:30:24Z,268,kvasir_ported,frohoff_ysoserial__generated,generated,AZ35Z7SRuLvpCwB3Faz2,True
codex,20260505T150537Z__frohoff_ysoserial__218bcffc,frohoff_ysoserial,v2,lidskjalv-generated-v2,passed,,passed,2026-05-05T19:44:15Z,2026-05-05T19:47:45Z,210,kvasir_ported,frohoff_ysoserial__generated_v2,generated-v2,AZ35rosbvsybLcOzqxOO,True
codex,20260505T150537Z__frohoff_ysoserial__218bcffc,frohoff_ysoserial,v3,lidskjalv-generated-v3,passed,,passed,2026-05-05T20:17:18Z,2026-05-05T20:21:11Z,233,kvasir_ported,frohoff_ysoserial__generated_v3,generated-v3,AZ35zSTGmhbcSvioQy6q,True
codex,20260505T150549Z__xtuhcy_gecco__e1f32e1c,xtuhcy_gecco,original,lidskjalv-original,passed,,passed,2026-05-05T20:21:26Z,2026-05-05T20:23:54Z,148,brokk_original,xtuhcy_gecco__original,original,AZ35z5teDYwLL4iD5uox,True
codex,20260505T150549Z__xtuhcy_gecco__e1f32e1c,xtuhcy_gecco,generated,lidskjalv-generated,passed,,passed,2026-05-05T21:00:22Z,2026-05-05T21:03:33Z,191,kvasir_ported,xtuhcy_gecco__generated,generated,AZ358-krU-9KCPUrEKsT,True
codex,20260505T150549Z__xtuhcy_gecco__e1f32e1c,xtuhcy_gecco,v2,lidskjalv-generated-v2,passed,,passed,2026-05-05T21:36:06Z,2026-05-05T21:38:26Z,140,kvasir_ported,xtuhcy_gecco__generated_v2,generated-v2,AZ36E9lGDYwLL4iD5w0S,True
codex,20260505T150549Z__xtuhcy_gecco__e1f32e1c,xtuhcy_gecco,v3,lidskjalv-generated-v3,passed,,passed,2026-05-05T22:09:47Z,2026-05-05T22:12:07Z,140,kvasir_ported,xtuhcy_gecco__generated_v3,generated-v3,AZ36MrV3HEvY9BWa0DwU,True
codex,20260506T082045Z__happyfish100_fastdfs-client-java__4e7b6b34,happyfish100_fastdfs-client-java,original,lidskjalv-original,passed,,passed,2026-05-06T08:21:06Z,2026-05-06T08:24:07Z,181,brokk_original,happyfish100_fastdfs-client-java__original,original,AZ38YwBRHEvY9BWa0R_l,True
codex,20260506T082045Z__happyfish100_fastdfs-client-java__4e7b6b34,happyfish100_fastdfs-client-java,generated,lidskjalv-generated,passed,,passed,2026-05-06T08:45:39Z,2026-05-06T08:48:43Z,184,kvasir_ported,happyfish100_fastdfs-client-java__generated,generated,AZ38eYleHEvY9BWa0TVP,True
codex,20260506T082045Z__happyfish100_fastdfs-client-java__4e7b6b34,happyfish100_fastdfs-client-java,v2,lidskjalv-generated-v2,passed,,passed,2026-05-06T09:22:42Z,2026-05-06T09:25:54Z,192,kvasir_ported,happyfish100_fastdfs-client-java__generated_v2,generated-v2,AZ38m44RkFDSk_1VsJEE,True
codex,20260506T082045Z__happyfish100_fastdfs-client-java__4e7b6b34,happyfish100_fastdfs-client-java,v3,lidskjalv-generated-v3,passed,,passed,2026-05-06T09:53:50Z,2026-05-06T09:56:35Z,165,kvasir_ported,happyfish100_fastdfs-client-java__generated_v3,generated-v3,AZ38t6p4XS-AChK6amqb,True
codex,20260506T082105Z__JakeWharton_RxRelay__9540ecc7,JakeWharton_RxRelay,original,lidskjalv-original,passed,,passed,2026-05-06T09:56:50Z,2026-05-06T10:00:17Z,207,brokk_original,JakeWharton_RxRelay__original,original,AZ38uwo9JoK8eQKx0lj4,True
codex,20260506T082105Z__JakeWharton_RxRelay__9540ecc7,JakeWharton_RxRelay,generated,lidskjalv-generated,passed,,passed,2026-05-06T10:12:34Z,2026-05-06T10:15:08Z,154,kvasir_ported,JakeWharton_RxRelay__generated,generated,AZ38yKYswnL4S1Rfzres,True
codex,20260506T082105Z__JakeWharton_RxRelay__9540ecc7,JakeWharton_RxRelay,v2,lidskjalv-generated-v2,passed,,passed,2026-05-06T10:35:45Z,2026-05-06T10:38:20Z,155,kvasir_ported,JakeWharton_RxRelay__generated_v2,generated-v2,AZ383eiCAEomf-YISDBt,True
codex,20260506T082105Z__JakeWharton_RxRelay__9540ecc7,JakeWharton_RxRelay,v3,lidskjalv-generated-v3,passed,,passed,2026-05-06T10:53:58Z,2026-05-06T10:55:53Z,115,kvasir_ported,JakeWharton_RxRelay__generated_v3,generated-v3,AZ387fhYB_tH4n4WCt_2,True
codex,20260506T082129Z__amitshekhariitbhu_Android-Debug-Database__bf149df6,amitshekhariitbhu_Android-Debug-Database,original,lidskjalv-original,failed,cli_fallback_failed,failed,2026-05-06T10:56:09Z,2026-05-06T10:57:41Z,92,brokk_original,amitshekhariitbhu_Android-Debug-Database__original,original,,False
codex,20260506T082129Z__amitshekhariitbhu_Android-Debug-Database__bf149df6,amitshekhariitbhu_Android-Debug-Database,generated,lidskjalv-generated,passed,,passed,2026-05-06T11:16:34Z,2026-05-06T11:19:15Z,161,kvasir_ported,amitshekhariitbhu_Android-Debug-Database__generated,generated,AZ39A1f6mxBd0CABimzk,True
codex,20260506T082129Z__amitshekhariitbhu_Android-Debug-Database__bf149df6,amitshekhariitbhu_Android-Debug-Database,v2,lidskjalv-generated-v2,passed,,passed,2026-05-06T11:45:13Z,2026-05-06T11:48:08Z,175,kvasir_ported,amitshekhariitbhu_Android-Debug-Database__generated_v2,generated-v2,AZ39HcuZmxBd0CABiorA,True
codex,20260506T082129Z__amitshekhariitbhu_Android-Debug-Database__bf149df6,amitshekhariitbhu_Android-Debug-Database,v3,lidskjalv-generated-v3,passed,,passed,2026-05-06T12:08:23Z,2026-05-06T12:10:48Z,145,kvasir_ported,amitshekhariitbhu_Android-Debug-Database__generated_v3,generated-v3,AZ39Mon7_-RTvqFOaqYl,True
codex,20260506T082136Z__amitshekhariitbhu_PRDownloader__611b12c8,amitshekhariitbhu_PRDownloader,original,lidskjalv-original,failed,dependency_failure,failed,2026-05-06T12:11:05Z,2026-05-06T12:13:53Z,168,brokk_original,amitshekhariitbhu_PRDownloader__original,original,,False
codex,20260506T082136Z__amitshekhariitbhu_PRDownloader__611b12c8,amitshekhariitbhu_PRDownloader,generated,lidskjalv-generated,passed,,passed,2026-05-06T12:32:26Z,2026-05-06T12:34:41Z,135,kvasir_ported,amitshekhariitbhu_PRDownloader__generated,generated,AZ39SGkq_-RTvqFOarxX,True
codex,20260506T082136Z__amitshekhariitbhu_PRDownloader__611b12c8,amitshekhariitbhu_PRDownloader,v2,lidskjalv-generated-v2,passed,,passed,2026-05-06T12:55:38Z,2026-05-06T12:58:04Z,146,kvasir_ported,amitshekhariitbhu_PRDownloader__generated_v2,generated-v2,AZ39XdJcB_tH4n4WC0yc,True
codex,20260506T082136Z__amitshekhariitbhu_PRDownloader__611b12c8,amitshekhariitbhu_PRDownloader,v3,lidskjalv-generated-v3,passed,,passed,2026-05-06T13:18:16Z,2026-05-06T13:20:21Z,125,kvasir_ported,amitshekhariitbhu_PRDownloader__generated_v3,generated-v3,AZ39cjjczMStc16lrOgH,True
codex,20260506T083333Z__esoxjem_MovieGuide__dc1f20fb,esoxjem_MovieGuide,original,lidskjalv-original,failed,build_failure,failed,2026-05-06T13:20:37Z,2026-05-06T13:22:01Z,84,brokk_original,esoxjem_MovieGuide__original,original,,False
codex,20260506T083333Z__esoxjem_MovieGuide__dc1f20fb,esoxjem_MovieGuide,generated,lidskjalv-generated,passed,,passed,2026-05-06T13:43:03Z,2026-05-06T13:45:46Z,163,kvasir_ported,esoxjem_MovieGuide__generated,generated,AZ39iXu9zMStc16lrQOX,True
codex,20260506T083333Z__esoxjem_MovieGuide__dc1f20fb,esoxjem_MovieGuide,v2,lidskjalv-generated-v2,passed,,passed,2026-05-06T14:05:38Z,2026-05-06T14:07:57Z,139,kvasir_ported,esoxjem_MovieGuide__generated_v2,generated-v2,AZ39ncxozMStc16lrR_W,True
codex,20260506T083333Z__esoxjem_MovieGuide__dc1f20fb,esoxjem_MovieGuide,v3,lidskjalv-generated-v3,passed,,passed,2026-05-06T14:27:31Z,2026-05-06T14:29:58Z,147,kvasir_ported,esoxjem_MovieGuide__generated_v3,generated-v3,AZ39sfNq_-RTvqFOazWH,True
codex,20260507T093402Z__19MisterX98_SeedcrackerX__8e18d20d,19MisterX98_SeedcrackerX,original,lidskjalv-original,failed,unknown,failed,2026-05-07T09:34:22Z,2026-05-07T09:37:27Z,185,brokk_original,19MisterX98_SeedcrackerX__original,original,,False
codex,20260507T093402Z__19MisterX98_SeedcrackerX__8e18d20d,19MisterX98_SeedcrackerX,generated,lidskjalv-generated,passed,,passed,2026-05-07T09:55:02Z,2026-05-07T09:57:35Z,153,kvasir_ported,19MisterX98_SeedcrackerX__generated_codex,generated,AZ4B3vINyqbeAVHNOUwQ,True
codex,20260507T093402Z__19MisterX98_SeedcrackerX__8e18d20d,19MisterX98_SeedcrackerX,v2,lidskjalv-generated-v2,passed,,passed,2026-05-07T10:19:07Z,2026-05-07T10:21:46Z,159,kvasir_ported,19MisterX98_SeedcrackerX__generated_v2_codex,generated-v2,AZ4B9Q-mifChCb9fW-1G,True
codex,20260507T093402Z__19MisterX98_SeedcrackerX__8e18d20d,19MisterX98_SeedcrackerX,v3,lidskjalv-generated-v3,failed,cli_fallback_failed,failed,2026-05-07T10:44:00Z,2026-05-07T10:45:39Z,99,kvasir_ported,19MisterX98_SeedcrackerX__generated_v3_codex,generated-v3,,False
codex,20260507T093422Z__airbnb_native-navigation__9cf50bf9,airbnb_native-navigation,original,lidskjalv-original,failed,build_jdk_mismatch,failed,2026-05-07T10:45:55Z,2026-05-07T10:47:10Z,75,brokk_original,airbnb_native-navigation__original,original,,False
codex,20260507T093422Z__airbnb_native-navigation__9cf50bf9,airbnb_native-navigation,generated,lidskjalv-generated,passed,,passed,2026-05-07T11:11:42Z,2026-05-07T11:14:02Z,140,kvasir_ported,airbnb_native-navigation__generated_codex,generated,AZ4CJOs3Yw8R6VCqeqf3,True
codex,20260507T093422Z__airbnb_native-navigation__9cf50bf9,airbnb_native-navigation,v2,lidskjalv-generated-v2,passed,,passed,2026-05-07T11:36:02Z,2026-05-07T11:38:12Z,130,kvasir_ported,airbnb_native-navigation__generated_v2_codex,generated-v2,AZ4COw9-Yw8R6VCqerzF,True
codex,20260507T093422Z__airbnb_native-navigation__9cf50bf9,airbnb_native-navigation,v3,lidskjalv-generated-v3,passed,,passed,2026-05-07T11:57:13Z,2026-05-07T11:59:12Z,119,kvasir_ported,airbnb_native-navigation__generated_v3_codex,generated-v3,AZ4CTkhTlvF12IuCJT0C,True
codex,20260507T093651Z__awaitility_awaitility__4fc23ccb,awaitility_awaitility,original,lidskjalv-original,passed,,passed,2026-05-07T11:59:30Z,2026-05-07T12:06:33Z,423,brokk_original,awaitility_awaitility__original,original,AZ4CVP9ByqbeAVHNOb-q,True
codex,20260507T093651Z__awaitility_awaitility__4fc23ccb,awaitility_awaitility,generated,lidskjalv-generated,passed,,passed,2026-05-07T12:39:49Z,2026-05-07T12:43:47Z,238,kvasir_ported,awaitility_awaitility__generated_codex,generated,AZ4CdxkZyqbeAVHNOeK3,True
codex,20260507T093651Z__awaitility_awaitility__4fc23ccb,awaitility_awaitility,v2,lidskjalv-generated-v2,passed,,passed,2026-05-07T13:40:05Z,2026-05-07T13:53:55Z,830,kvasir_ported,awaitility_awaitility__generated_v2_codex,generated-v2,AZ4Ct0xeV9GxF-FL-Iyw,True
codex,20260507T093651Z__awaitility_awaitility__4fc23ccb,awaitility_awaitility,v3,lidskjalv-generated-v3,passed,,passed,2026-05-07T14:36:46Z,2026-05-07T14:42:32Z,346,kvasir_ported,awaitility_awaitility__generated_v3_codex,generated-v3,AZ4C49IDAzDc58jbaTEk,True
codex,20260507T093656Z__DantSu_ESCPOS-ThermalPrinter-Android__f61030e4,DantSu_ESCPOS-ThermalPrinter-Android,original,lidskjalv-original,failed,build_failure,failed,2026-05-07T14:42:49Z,2026-05-07T14:45:11Z,142,brokk_original,DantSu_ESCPOS-ThermalPrinter-Android__original,original,,False
codex,20260507T093656Z__DantSu_ESCPOS-ThermalPrinter-Android__f61030e4,DantSu_ESCPOS-ThermalPrinter-Android,generated,lidskjalv-generated,passed,,passed,2026-05-07T15:06:49Z,2026-05-07T15:09:35Z,166,kvasir_ported,DantSu_ESCPOS-ThermalPrinter-Android__generated_codex,generated,AZ4C_JPZYw8R6VCqe6Se,True
codex,20260507T093656Z__DantSu_ESCPOS-ThermalPrinter-Android__f61030e4,DantSu_ESCPOS-ThermalPrinter-Android,v2,lidskjalv-generated-v2,passed,,passed,2026-05-07T15:30:56Z,2026-05-07T15:33:32Z,156,kvasir_ported,DantSu_ESCPOS-ThermalPrinter-Android__generated_v2_codex,generated-v2,AZ4DEoLpAzDc58jbaWh6,True
codex,20260507T093656Z__DantSu_ESCPOS-ThermalPrinter-Android__f61030e4,DantSu_ESCPOS-ThermalPrinter-Android,v3,lidskjalv-generated-v3,passed,,passed,2026-05-07T15:50:44Z,2026-05-07T15:53:37Z,173,kvasir_ported,DantSu_ESCPOS-ThermalPrinter-Android__generated_v3_codex,generated-v3,AZ4DJORflvF12IuCJjqY,True
codex,20260507T093701Z__elvishew_xLog__3faa6b27,elvishew_xLog,original,lidskjalv-original,failed,sdk_not_found,failed,2026-05-07T15:53:53Z,2026-05-07T15:55:56Z,123,brokk_original,elvishew_xLog__original,original,,False
codex,20260507T093701Z__elvishew_xLog__3faa6b27,elvishew_xLog,generated,lidskjalv-generated,passed,,passed,2026-05-07T16:16:47Z,2026-05-07T16:20:04Z,197,kvasir_ported,elvishew_xLog__generated_codex,generated,AZ4DPR3VYw8R6VCqe-J6,True
codex,20260507T093701Z__elvishew_xLog__3faa6b27,elvishew_xLog,v2,lidskjalv-generated-v2,passed,,passed,2026-05-07T16:42:46Z,2026-05-07T16:45:28Z,162,kvasir_ported,elvishew_xLog__generated_v2_codex,generated-v2,AZ4DVF7NpJ_ivE1Jkkvs,True
codex,20260507T093701Z__elvishew_xLog__3faa6b27,elvishew_xLog,v3,lidskjalv-generated-v3,passed,,passed,2026-05-07T17:17:55Z,2026-05-07T17:20:17Z,142,kvasir_ported,elvishew_xLog__generated_v3_codex,generated-v3,AZ4DdD2ZlvF12IuCJnVa,True
codex,20260507T093708Z__EsotericSoftware_reflectasm__e34c5e8b,EsotericSoftware_reflectasm,original,lidskjalv-original,passed,,passed,2026-05-07T17:20:33Z,2026-05-07T17:23:26Z,173,brokk_original,EsotericSoftware_reflectasm__original,original,AZ4DdyKYifChCb9fXYhX,True
codex,20260507T093708Z__EsotericSoftware_reflectasm__e34c5e8b,EsotericSoftware_reflectasm,generated,lidskjalv-generated,passed,,passed,2026-05-07T17:38:06Z,2026-05-07T17:40:08Z,122,kvasir_ported,EsotericSoftware_reflectasm__generated_codex,generated,AZ4Dhm18jRx5zv9OlEOT,True
codex,20260507T093708Z__EsotericSoftware_reflectasm__e34c5e8b,EsotericSoftware_reflectasm,v2,lidskjalv-generated-v2,passed,,passed,2026-05-07T17:57:12Z,2026-05-07T17:59:24Z,132,kvasir_ported,EsotericSoftware_reflectasm__generated_v2_codex,generated-v2,AZ4DmBCaAzDc58jbacvR,True
codex,20260507T093708Z__EsotericSoftware_reflectasm__e34c5e8b,EsotericSoftware_reflectasm,v3,lidskjalv-generated-v3,passed,,passed,2026-05-07T18:16:46Z,2026-05-07T18:19:35Z,169,kvasir_ported,EsotericSoftware_reflectasm__generated_v3_codex,generated-v3,AZ4DqmCdYw8R6VCqfCST,True
codex,20260507T093714Z__evant_binding-collection-adapter__ac7972e1,evant_binding-collection-adapter,original,lidskjalv-original,failed,sdk_not_found,failed,2026-05-07T18:19:50Z,2026-05-07T18:22:03Z,133,brokk_original,evant_binding-collection-adapter__original,original,,False
codex,20260507T093714Z__evant_binding-collection-adapter__ac7972e1,evant_binding-collection-adapter,generated,lidskjalv-generated,passed,,passed,2026-05-07T18:46:42Z,2026-05-07T18:49:36Z,174,kvasir_ported,evant_binding-collection-adapter__generated_codex,generated,AZ4DxgW2lvF12IuCJqMc,True
codex,20260507T093714Z__evant_binding-collection-adapter__ac7972e1,evant_binding-collection-adapter,v2,lidskjalv-generated-v2,passed,,passed,2026-05-07T19:11:26Z,2026-05-07T19:14:33Z,187,kvasir_ported,evant_binding-collection-adapter__generated_v2_codex,generated-v2,AZ4D3NzErFVXCkxHkdpH,True
codex,20260507T093714Z__evant_binding-collection-adapter__ac7972e1,evant_binding-collection-adapter,v3,lidskjalv-generated-v3,passed,,passed,2026-05-07T19:36:39Z,2026-05-07T19:39:17Z,158,kvasir_ported,evant_binding-collection-adapter__generated_v3_codex,generated-v3,AZ4D84J_jRx5zv9OlIQl,True
codex,20260507T093719Z__gothinkster_spring-boot-realworld-example-app__ee17e31a,gothinkster_spring-boot-realworld-example-app,original,lidskjalv-original,passed,,passed,2026-05-07T19:39:32Z,2026-05-07T19:45:25Z,353,brokk_original,gothinkster_spring-boot-realworld-example-app__original,original,AZ4D-Rw3pJ_ivE1Jkqo5,True
codex,20260507T093719Z__gothinkster_spring-boot-realworld-example-app__ee17e31a,gothinkster_spring-boot-realworld-example-app,generated,lidskjalv-generated,passed,,passed,2026-05-07T20:32:23Z,2026-05-07T20:34:59Z,156,kvasir_ported,gothinkster_spring-boot-realworld-example-app__generated_codex,generated,AZ4EJn1LV9GxF-FL-a2o,True
codex,20260507T093719Z__gothinkster_spring-boot-realworld-example-app__ee17e31a,gothinkster_spring-boot-realworld-example-app,v2,lidskjalv-generated-v2,passed,,passed,2026-05-07T21:17:27Z,2026-05-07T21:20:38Z,191,kvasir_ported,gothinkster_spring-boot-realworld-example-app__generated_v2_codex,generated-v2,AZ4EUEpxifChCb9fXgQL,True
codex,20260507T093719Z__gothinkster_spring-boot-realworld-example-app__ee17e31a,gothinkster_spring-boot-realworld-example-app,v3,lidskjalv-generated-v3,passed,,passed,2026-05-07T22:05:37Z,2026-05-07T22:08:38Z,181,kvasir_ported,gothinkster_spring-boot-realworld-example-app__generated_v3_codex,generated-v3,AZ4EfDlUrFVXCkxHki65,True
codex,20260507T093724Z__Grt1228_chatgpt-java__ae761b89,Grt1228_chatgpt-java,original,lidskjalv-original,blocked,blocked-by-upstream,failed,2026-05-08T09:43:50Z,2026-05-08T09:43:50Z,0,brokk_original,Grt1228_chatgpt-java__original,original,,False
codex,20260507T093724Z__Grt1228_chatgpt-java__ae761b89,Grt1228_chatgpt-java,generated,lidskjalv-generated,blocked,blocked-by-upstream,passed,2026-05-08T09:43:50Z,2026-05-08T09:43:50Z,0,andvari,Grt1228_chatgpt-java__generated_codex,generated,AZ4E_tvNpJ_ivE1Jkxg7,True
codex,20260507T093724Z__Grt1228_chatgpt-java__ae761b89,Grt1228_chatgpt-java,v2,lidskjalv-generated-v2,blocked,blocked-by-upstream,passed,2026-05-08T09:43:50Z,2026-05-08T09:43:50Z,0,andvari,Grt1228_chatgpt-java__generated_v2_codex,generated-v2,AZ4FgbqgpJ_ivE1Jkziq,True
codex,20260507T093724Z__Grt1228_chatgpt-java__ae761b89,Grt1228_chatgpt-java,v3,lidskjalv-generated-v3,blocked,blocked-by-upstream,passed,2026-05-08T09:43:50Z,2026-05-08T09:43:50Z,0,andvari,Grt1228_chatgpt-java__generated_v3_codex,generated-v3,AZ4GBmL_AzDc58jbarR3,True
codex,20260507T093731Z__j-easy_easy-rules__d4450831,j-easy_easy-rules,original,lidskjalv-original,passed,,passed,2026-05-08T09:44:02Z,2026-05-08T09:48:08Z,246,brokk_original,j-easy_easy-rules__original,original,AZ4G_KNmJNvN56AP8LUB,True
codex,20260507T093731Z__j-easy_easy-rules__d4450831,j-easy_easy-rules,generated,lidskjalv-generated,passed,,passed,2026-05-08T10:15:54Z,2026-05-08T10:18:26Z,152,kvasir_ported,j-easy_easy-rules__generated_codex,generated,AZ4HGGRefrQNbZpb7-4l,True
codex,20260507T093731Z__j-easy_easy-rules__d4450831,j-easy_easy-rules,v2,lidskjalv-generated-v2,passed,,passed,2026-05-08T10:51:06Z,2026-05-08T10:53:40Z,154,kvasir_ported,j-easy_easy-rules__generated_v2_codex,generated-v2,AZ4HOKU2v7mJXzfZQm54,True
codex,20260507T093731Z__j-easy_easy-rules__d4450831,j-easy_easy-rules,v3,lidskjalv-generated-v3,passed,,passed,2026-05-08T11:27:40Z,2026-05-08T11:30:15Z,155,kvasir_ported,j-easy_easy-rules__generated_v3_codex,generated-v3,AZ4HWh7w5ntoHWzxGKKp,True
codex,20260508T095107Z__jOOQ_jOOR__23e17cf3,jOOQ_jOOR,original,lidskjalv-original,passed,,passed,2026-05-08T11:30:33Z,2026-05-08T11:33:05Z,152,brokk_original,jOOQ_jOOR__original,original,AZ4HXLwKik2V-rlu6Mk5,True
codex,20260508T095107Z__jOOQ_jOOR__23e17cf3,jOOQ_jOOR,generated,lidskjalv-generated,passed,,passed,2026-05-08T11:56:36Z,2026-05-08T11:59:00Z,144,kvasir_ported,jOOQ_jOOR__generated_codex,generated,AZ4HdHfcieERAlS2sn3V,True
codex,20260508T095107Z__jOOQ_jOOR__23e17cf3,jOOQ_jOOR,v2,lidskjalv-generated-v2,passed,,passed,2026-05-08T12:36:01Z,2026-05-08T12:38:20Z,139,kvasir_ported,jOOQ_jOOR__generated_v2_codex,generated-v2,AZ4HmHxtik2V-rlu6P0U,True
codex,20260508T095107Z__jOOQ_jOOR__23e17cf3,jOOQ_jOOR,v3,lidskjalv-generated-v3,passed,,passed,2026-05-08T13:12:48Z,2026-05-08T13:15:31Z,163,kvasir_ported,jOOQ_jOOR__generated_v3_codex,generated-v3,AZ4Huocvik2V-rlu6Rt1,True
codex,20260508T095113Z__LianjiaTech_retrofit-spring-boot-starter__24cb9eda,LianjiaTech_retrofit-spring-boot-starter,original,lidskjalv-original,passed,,passed,2026-05-08T13:15:46Z,2026-05-08T13:19:40Z,234,brokk_original,LianjiaTech_retrofit-spring-boot-starter__original,original,AZ4Hvk7d3baiznEAb81E,True
codex,20260508T095113Z__LianjiaTech_retrofit-spring-boot-starter__24cb9eda,LianjiaTech_retrofit-spring-boot-starter,generated,lidskjalv-generated,passed,,passed,2026-05-08T13:54:18Z,2026-05-08T13:57:14Z,176,kvasir_ported,LianjiaTech_retrofit-spring-boot-starter__generated_codex,generated,AZ4H4LJwD8k6HhVEA1jg,True
codex,20260508T095113Z__LianjiaTech_retrofit-spring-boot-starter__24cb9eda,LianjiaTech_retrofit-spring-boot-starter,v2,lidskjalv-generated-v2,passed,,passed,2026-05-08T14:41:52Z,2026-05-08T14:45:01Z,189,kvasir_ported,LianjiaTech_retrofit-spring-boot-starter__generated_v2_codex,generated-v2,AZ4IDHC63baiznEAcBZK,True
codex,20260508T095113Z__LianjiaTech_retrofit-spring-boot-starter__24cb9eda,LianjiaTech_retrofit-spring-boot-starter,v3,lidskjalv-generated-v3,passed,,passed,2026-05-08T15:25:20Z,2026-05-08T15:28:28Z,188,kvasir_ported,LianjiaTech_retrofit-spring-boot-starter__generated_v3_codex,generated-v3,AZ4INDfU5ntoHWzxGWg_,True
codex,20260508T095119Z__linkedin_kafka-monitor__043db641,linkedin_kafka-monitor,original,lidskjalv-original,failed,dependency_failure,failed,2026-05-08T15:28:43Z,2026-05-08T15:29:39Z,56,brokk_original,linkedin_kafka-monitor__original,original,,False
codex,20260508T095119Z__linkedin_kafka-monitor__043db641,linkedin_kafka-monitor,generated,lidskjalv-generated,passed,,passed,2026-05-08T16:23:13Z,2026-05-08T16:25:45Z,152,kvasir_ported,linkedin_kafka-monitor__generated_codex,generated,AZ4IaKuN3baiznEAcF2i,True
codex,20260508T095119Z__linkedin_kafka-monitor__043db641,linkedin_kafka-monitor,v2,lidskjalv-generated-v2,passed,,passed,2026-05-08T16:55:41Z,2026-05-08T16:58:03Z,142,kvasir_ported,linkedin_kafka-monitor__generated_v2_codex,generated-v2,AZ4Ihj7YieERAlS2s2TR,True
codex,20260508T095119Z__linkedin_kafka-monitor__043db641,linkedin_kafka-monitor,v3,lidskjalv-generated-v3,passed,,passed,2026-05-08T17:47:07Z,2026-05-08T17:49:37Z,150,kvasir_ported,linkedin_kafka-monitor__generated_v3_codex,generated-v3,AZ4ItXRjD8k6HhVEA_Yp,True
codex,20260508T095125Z__macrozheng_mall-tiny__a81ec474,macrozheng_mall-tiny,original,lidskjalv-original,error,lidskjalv-timeout,,2026-05-08T17:49:53Z,2026-05-08T19:49:53Z,7200,brokk_original,,,,False
codex,20260508T095125Z__macrozheng_mall-tiny__a81ec474,macrozheng_mall-tiny,generated,lidskjalv-generated,passed,,passed,2026-05-08T18:44:19Z,2026-05-08T18:46:52Z,153,kvasir_ported,macrozheng_mall-tiny__generated_codex,generated,AZ4I6eJl3baiznEAcKb9,True
codex,20260508T095125Z__macrozheng_mall-tiny__a81ec474,macrozheng_mall-tiny,v2,lidskjalv-generated-v2,passed,,passed,2026-05-08T19:30:13Z,2026-05-08T19:32:42Z,149,kvasir_ported,macrozheng_mall-tiny__generated_v2_codex,generated-v2,AZ4JE9TwD8k6HhVEBCfi,True
codex,20260508T095125Z__macrozheng_mall-tiny__a81ec474,macrozheng_mall-tiny,v3,lidskjalv-generated-v3,passed,,passed,2026-05-08T20:27:51Z,2026-05-08T20:30:16Z,145,kvasir_ported,macrozheng_mall-tiny__generated_v3_codex,generated-v3,AZ4JSIeTXYUGAuQRhHti,True
codex,20260508T095131Z__Meituan-Dianping_walle__f78edcf1,Meituan-Dianping_walle,original,lidskjalv-original,failed,dependency_failure,failed,2026-05-08T20:30:31Z,2026-05-08T20:31:18Z,47,brokk_original,Meituan-Dianping_walle__original,original,,False
codex,20260508T095131Z__Meituan-Dianping_walle__f78edcf1,Meituan-Dianping_walle,generated,lidskjalv-generated,passed,,passed,2026-05-08T20:47:46Z,2026-05-08T20:49:55Z,129,kvasir_ported,Meituan-Dianping_walle__generated_codex,generated,AZ4JWofQ5ntoHWzxGhAX,True
codex,20260508T095131Z__Meituan-Dianping_walle__f78edcf1,Meituan-Dianping_walle,v2,lidskjalv-generated-v2,passed,,passed,2026-05-08T21:06:22Z,2026-05-08T21:08:24Z,122,kvasir_ported,Meituan-Dianping_walle__generated_v2_codex,generated-v2,AZ4Ja3NM3baiznEAcOhM,True
codex,20260508T095131Z__Meituan-Dianping_walle__f78edcf1,Meituan-Dianping_walle,v3,lidskjalv-generated-v3,passed,,passed,2026-05-08T21:23:18Z,2026-05-08T21:25:22Z,124,kvasir_ported,Meituan-Dianping_walle__generated_v3_codex,generated-v3,AZ4JewC-e3Pz47ocH-lP,True
codex,20260508T095136Z__Mojang_brigadier__b5419b18,Mojang_brigadier,original,lidskjalv-original,passed,,passed,2026-05-08T21:25:37Z,2026-05-08T21:27:54Z,137,brokk_original,Mojang_brigadier__original,original,AZ4JfU7l5ntoHWzxGh9V,True
codex,20260508T095136Z__Mojang_brigadier__b5419b18,Mojang_brigadier,generated,lidskjalv-generated,passed,,passed,2026-05-08T21:50:46Z,2026-05-08T21:53:16Z,150,kvasir_ported,Mojang_brigadier__generated_codex,generated,AZ4JlIMHXYUGAuQRhJmD,True
codex,20260508T095136Z__Mojang_brigadier__b5419b18,Mojang_brigadier,v2,lidskjalv-generated-v2,passed,,passed,2026-05-08T22:16:25Z,2026-05-08T22:18:33Z,128,kvasir_ported,Mojang_brigadier__generated_v2_codex,generated-v2,AZ4Jq6xoe3Pz47ocH_mj,True
codex,20260508T095136Z__Mojang_brigadier__b5419b18,Mojang_brigadier,v3,lidskjalv-generated-v3,passed,,passed,2026-05-08T22:44:20Z,2026-05-08T22:46:42Z,142,kvasir_ported,Mojang_brigadier__generated_v3_codex,generated-v3,AZ4JxXPKXYUGAuQRhKie,True
codex,20260508T095142Z__monkeyWie_proxyee__c2c5bb4c,monkeyWie_proxyee,original,lidskjalv-original,passed,,passed,2026-05-08T22:46:56Z,2026-05-08T22:49:27Z,151,brokk_original,monkeyWie_proxyee__original,original,AZ4Jx_qC9AznNwRb91qQ,True
codex,20260508T095142Z__monkeyWie_proxyee__c2c5bb4c,monkeyWie_proxyee,generated,lidskjalv-generated,passed,,passed,2026-05-08T23:06:32Z,2026-05-08T23:08:51Z,139,kvasir_ported,monkeyWie_proxyee__generated_codex,generated,AZ4J2b2dik2V-rlu6mX0,True
codex,20260508T095142Z__monkeyWie_proxyee__c2c5bb4c,monkeyWie_proxyee,v2,lidskjalv-generated-v2,passed,,passed,2026-05-08T23:30:14Z,2026-05-08T23:32:18Z,124,kvasir_ported,monkeyWie_proxyee__generated_v2_codex,generated-v2,AZ4J7zC1ieERAlS2tAe1,True
codex,20260508T095142Z__monkeyWie_proxyee__c2c5bb4c,monkeyWie_proxyee,v3,lidskjalv-generated-v3,passed,,passed,2026-05-08T23:53:06Z,2026-05-08T23:55:28Z,142,kvasir_ported,monkeyWie_proxyee__generated_v3_codex,generated-v3,AZ4KBGiaieERAlS2tAuT,True
codex,20260508T095147Z__mouzt_mzt-biz-log__8d3a0271,mouzt_mzt-biz-log,original,lidskjalv-original,passed,,passed,2026-05-08T23:55:42Z,2026-05-08T23:59:16Z,214,brokk_original,mouzt_mzt-biz-log__original,original,AZ4KB-Lj9AznNwRb92gH,True
codex,20260508T095147Z__mouzt_mzt-biz-log__8d3a0271,mouzt_mzt-biz-log,generated,lidskjalv-generated,passed,,passed,2026-05-09T00:28:37Z,2026-05-09T00:31:13Z,156,kvasir_ported,mouzt_mzt-biz-log__generated_codex,generated,AZ4KJSJR9AznNwRb921C,True
codex,20260508T095147Z__mouzt_mzt-biz-log__8d3a0271,mouzt_mzt-biz-log,v2,lidskjalv-generated-v2,passed,,passed,2026-05-09T01:06:09Z,2026-05-09T01:08:34Z,145,kvasir_ported,mouzt_mzt-biz-log__generated_v2_codex,generated-v2,AZ4KR1OZieERAlS2tBeM,True
codex,20260508T095147Z__mouzt_mzt-biz-log__8d3a0271,mouzt_mzt-biz-log,v3,lidskjalv-generated-v3,passed,,passed,2026-05-09T01:41:59Z,2026-05-09T01:44:27Z,148,kvasir_ported,mouzt_mzt-biz-log__generated_v3_codex,generated-v3,AZ4KaCgte3Pz47ocIB7c,True
codex,20260508T095153Z__Netflix_concurrency-limits__e8df64d8,Netflix_concurrency-limits,original,lidskjalv-original,failed,task_not_found,failed,2026-05-09T01:44:41Z,2026-05-09T01:46:57Z,136,brokk_original,Netflix_concurrency-limits__original,original,,False
codex,20260508T095153Z__Netflix_concurrency-limits__e8df64d8,Netflix_concurrency-limits,generated,lidskjalv-generated,passed,,passed,2026-05-09T02:17:34Z,2026-05-09T02:20:36Z,182,kvasir_ported,Netflix_concurrency-limits__generated_codex,generated,AZ4KiUTtik2V-rlu6oNW,True
codex,20260508T095153Z__Netflix_concurrency-limits__e8df64d8,Netflix_concurrency-limits,v2,lidskjalv-generated-v2,passed,,passed,2026-05-09T02:51:07Z,2026-05-09T02:53:55Z,168,kvasir_ported,Netflix_concurrency-limits__generated_v2_codex,generated-v2,AZ4Kp8jJik2V-rlu6oeF,True
codex,20260508T095153Z__Netflix_concurrency-limits__e8df64d8,Netflix_concurrency-limits,v3,lidskjalv-generated-v3,passed,,passed,2026-05-09T03:24:58Z,2026-05-09T03:27:10Z,132,kvasir_ported,Netflix_concurrency-limits__generated_v3_codex,generated-v3,AZ4KxjgNik2V-rlu6ouK,True
codex,20260508T095158Z__pwittchen_ReactiveNetwork__ddfde340,pwittchen_ReactiveNetwork,original,lidskjalv-original,failed,unknown,failed,2026-05-09T03:27:25Z,2026-05-09T03:28:48Z,83,brokk_original,pwittchen_ReactiveNetwork__original,original,,False
codex,20260508T095158Z__pwittchen_ReactiveNetwork__ddfde340,pwittchen_ReactiveNetwork,generated,lidskjalv-generated,passed,,passed,2026-05-09T03:47:58Z,2026-05-09T03:50:09Z,131,kvasir_ported,pwittchen_ReactiveNetwork__generated_codex,generated,AZ4K20dDieERAlS2tCu9,True
codex,20260508T095158Z__pwittchen_ReactiveNetwork__ddfde340,pwittchen_ReactiveNetwork,v2,lidskjalv-generated-v2,passed,,passed,2026-05-09T04:12:51Z,2026-05-09T04:14:54Z,123,kvasir_ported,pwittchen_ReactiveNetwork__generated_v2_codex,generated-v2,AZ4K8e1Xe3Pz47ocIDGc,True
codex,20260508T095158Z__pwittchen_ReactiveNetwork__ddfde340,pwittchen_ReactiveNetwork,v3,lidskjalv-generated-v3,passed,,passed,2026-05-09T04:37:29Z,2026-05-09T04:39:46Z,137,kvasir_ported,pwittchen_ReactiveNetwork__generated_v3_codex,generated-v3,AZ4LCLHkT_26BOH8Jvef,True
codex,20260508T095204Z__RikkaApps_Shizuku-API__a27f6e41,RikkaApps_Shizuku-API,original,lidskjalv-original,failed,dependency_failure,failed,2026-05-09T04:40:00Z,2026-05-09T04:42:50Z,170,brokk_original,RikkaApps_Shizuku-API__original,original,,False
codex,20260508T095204Z__RikkaApps_Shizuku-API__a27f6e41,RikkaApps_Shizuku-API,generated,lidskjalv-generated,passed,,passed,2026-05-09T05:00:52Z,2026-05-09T05:02:56Z,124,kvasir_ported,RikkaApps_Shizuku-API__generated_codex,generated,AZ4LHedXieERAlS2tDNF,True
codex,20260508T095204Z__RikkaApps_Shizuku-API__a27f6e41,RikkaApps_Shizuku-API,v2,lidskjalv-generated-v2,passed,,passed,2026-05-09T05:25:33Z,2026-05-09T05:27:51Z,138,kvasir_ported,RikkaApps_Shizuku-API__generated_v2_codex,generated-v2,AZ4LNLQAieERAlS2tDXz,True
codex,20260508T095204Z__RikkaApps_Shizuku-API__a27f6e41,RikkaApps_Shizuku-API,v3,lidskjalv-generated-v3,passed,,passed,2026-05-09T05:49:02Z,2026-05-09T05:51:23Z,141,kvasir_ported,RikkaApps_Shizuku-API__generated_v3_codex,generated-v3,AZ4LSkEHieERAlS2tDh5,True
codex,20260508T095210Z__TheoKanning_openai-java__26909660,TheoKanning_openai-java,original,lidskjalv-original,passed,,passed,2026-05-09T05:51:38Z,2026-05-09T05:55:02Z,204,brokk_original,TheoKanning_openai-java__original,original,AZ4LTZnb3baiznEAcUGP,True
codex,20260508T095210Z__TheoKanning_openai-java__26909660,TheoKanning_openai-java,generated,lidskjalv-generated,passed,,passed,2026-05-09T06:18:40Z,2026-05-09T06:21:12Z,152,kvasir_ported,TheoKanning_openai-java__generated_codex,generated,AZ4LZYQyik2V-rlu6p2Q,True
codex,20260508T095210Z__TheoKanning_openai-java__26909660,TheoKanning_openai-java,v2,lidskjalv-generated-v2,passed,,passed,2026-05-09T06:51:26Z,2026-05-09T06:53:59Z,153,kvasir_ported,TheoKanning_openai-java__generated_v2_codex,generated-v2,AZ4Lg5C0T_26BOH8JwVr,True
codex,20260508T095210Z__TheoKanning_openai-java__26909660,TheoKanning_openai-java,v3,lidskjalv-generated-v3,passed,,passed,2026-05-09T07:31:23Z,2026-05-09T07:34:15Z,172,kvasir_ported,TheoKanning_openai-java__generated_v3_codex,generated-v3,AZ4LqGxnXYUGAuQRhO3O,True
codex,20260508T095214Z__whwlsfb_JDumpSpider__24fe3186,whwlsfb_JDumpSpider,original,lidskjalv-original,failed,build_failure,failed,2026-05-09T07:34:30Z,2026-05-09T07:34:56Z,26,brokk_original,whwlsfb_JDumpSpider__original,original,,False
codex,20260508T095214Z__whwlsfb_JDumpSpider__24fe3186,whwlsfb_JDumpSpider,generated,lidskjalv-generated,passed,,passed,2026-05-09T07:56:56Z,2026-05-09T07:59:01Z,125,kvasir_ported,whwlsfb_JDumpSpider__generated_codex,generated,AZ4Lvxxe9AznNwRb96AO,True
codex,20260508T095214Z__whwlsfb_JDumpSpider__24fe3186,whwlsfb_JDumpSpider,v2,lidskjalv-generated-v2,passed,,passed,2026-05-09T08:15:38Z,2026-05-09T08:17:45Z,127,kvasir_ported,whwlsfb_JDumpSpider__generated_v2_codex,generated-v2,AZ4L0ECt3baiznEAcU9t,True
codex,20260508T095214Z__whwlsfb_JDumpSpider__24fe3186,whwlsfb_JDumpSpider,v3,lidskjalv-generated-v3,passed,,passed,2026-05-09T08:34:41Z,2026-05-09T08:37:38Z,177,kvasir_ported,whwlsfb_JDumpSpider__generated_v3_codex,generated-v3,AZ4L4nZ49AznNwRb96Nc,True
codex,20260508T095219Z__YeautyYE_netty-websocket-spring-boot-starter__eb4d0a6b,YeautyYE_netty-websocket-spring-boot-starter,original,lidskjalv-original,passed,,passed,2026-05-09T08:37:53Z,2026-05-09T08:40:04Z,131,brokk_original,YeautyYE_netty-websocket-spring-boot-starter__original,original,AZ4L5LR3ik2V-rlu6qnI,True
codex,20260508T095219Z__YeautyYE_netty-websocket-spring-boot-starter__eb4d0a6b,YeautyYE_netty-websocket-spring-boot-starter,generated,lidskjalv-generated,passed,,passed,2026-05-09T09:02:50Z,2026-05-09T09:05:27Z,157,kvasir_ported,YeautyYE_netty-websocket-spring-boot-starter__generated_codex,generated,AZ4L--2xe3Pz47ocIEzW,True
codex,20260508T095219Z__YeautyYE_netty-websocket-spring-boot-starter__eb4d0a6b,YeautyYE_netty-websocket-spring-boot-starter,v2,lidskjalv-generated-v2,passed,,passed,2026-05-09T09:23:21Z,2026-05-09T09:25:38Z,137,kvasir_ported,YeautyYE_netty-websocket-spring-boot-starter__generated_v2_codex,generated-v2,AZ4MDmiaieERAlS2tE4w,True
codex,20260508T095219Z__YeautyYE_netty-websocket-spring-boot-starter__eb4d0a6b,YeautyYE_netty-websocket-spring-boot-starter,v3,lidskjalv-generated-v3,passed,,passed,2026-05-09T09:47:20Z,2026-05-09T09:50:01Z,161,kvasir_ported,YeautyYE_netty-websocket-spring-boot-starter__generated_v3_codex,generated-v3,AZ4MJLskD8k6HhVEBMCN,True
codex,20260508T095225Z__JMCuixy_swagger2word__0da57120,JMCuixy_swagger2word,original,lidskjalv-original,passed,,passed,2026-05-09T09:50:17Z,2026-05-09T09:52:58Z,161,brokk_original,JMCuixy_swagger2word__original,original,AZ4MJ29GD8k6HhVEBMDP,True
codex,20260508T095225Z__JMCuixy_swagger2word__0da57120,JMCuixy_swagger2word,generated,lidskjalv-generated,passed,,passed,2026-05-09T10:09:37Z,2026-05-09T10:12:15Z,158,kvasir_ported,JMCuixy_swagger2word__generated_codex,generated,AZ4MORhrik2V-rlu6rIR,True
codex,20260508T095225Z__JMCuixy_swagger2word__0da57120,JMCuixy_swagger2word,v2,lidskjalv-generated-v2,passed,,passed,2026-05-09T10:28:08Z,2026-05-09T10:30:41Z,153,kvasir_ported,JMCuixy_swagger2word__generated_v2_codex,generated-v2,AZ4MSfl-e3Pz47ocIFXX,True
codex,20260508T095225Z__JMCuixy_swagger2word__0da57120,JMCuixy_swagger2word,v3,lidskjalv-generated-v3,passed,,passed,2026-05-09T10:48:08Z,2026-05-09T10:50:18Z,130,kvasir_ported,JMCuixy_swagger2word__generated_v3_codex,generated-v3,AZ4MW-y65ntoHWzxGo3V,True
codex,20260508T095230Z__eugene-khyst_postgresql-event-sourcing__90faafbb,eugene-khyst_postgresql-event-sourcing,original,lidskjalv-original,passed,,passed,2026-05-09T10:50:33Z,2026-05-09T10:55:04Z,271,brokk_original,eugene-khyst_postgresql-event-sourcing__original,original,AZ4MYEV1T_26BOH8Jxwn,True
codex,20260508T095230Z__eugene-khyst_postgresql-event-sourcing__90faafbb,eugene-khyst_postgresql-event-sourcing,generated,lidskjalv-generated,passed,,passed,2026-05-09T11:54:24Z,2026-05-09T11:57:12Z,168,kvasir_ported,eugene-khyst_postgresql-event-sourcing__generated_codex,generated,AZ4MmSrbD8k6HhVEBM1E,True
codex,20260508T095230Z__eugene-khyst_postgresql-event-sourcing__90faafbb,eugene-khyst_postgresql-event-sourcing,v2,lidskjalv-generated-v2,passed,,passed,2026-05-09T12:59:27Z,2026-05-09T13:02:49Z,202,kvasir_ported,eugene-khyst_postgresql-event-sourcing__generated_v2_codex,generated-v2,AZ4M1Tu7e3Pz47ocIGJs,True
codex,20260508T095230Z__eugene-khyst_postgresql-event-sourcing__90faafbb,eugene-khyst_postgresql-event-sourcing,v3,lidskjalv-generated-v3,passed,,passed,2026-05-09T13:58:07Z,2026-05-09T14:01:16Z,189,kvasir_ported,eugene-khyst_postgresql-event-sourcing__generated_v3_codex,generated-v3,AZ4NCr1q9AznNwRb98a4,True
codex,20260508T095237Z__facebook_SoLoader__d3d721fb,facebook_SoLoader,original,lidskjalv-original,failed,no_build_file,failed,2026-05-09T14:01:32Z,2026-05-09T14:01:34Z,2,brokk_original,facebook_SoLoader__original,original,,False
codex,20260508T095237Z__facebook_SoLoader__d3d721fb,facebook_SoLoader,generated,lidskjalv-generated,passed,,passed,2026-05-09T14:18:42Z,2026-05-09T14:21:25Z,163,kvasir_ported,facebook_SoLoader__generated_codex,generated,AZ4NHTY93baiznEAcXLk,True
codex,20260508T095237Z__facebook_SoLoader__d3d721fb,facebook_SoLoader,v2,lidskjalv-generated-v2,passed,,passed,2026-05-09T14:43:42Z,2026-05-09T14:46:08Z,146,kvasir_ported,facebook_SoLoader__generated_v2_codex,generated-v2,AZ4NM9VxieERAlS2tG4j,True
codex,20260508T095237Z__facebook_SoLoader__d3d721fb,facebook_SoLoader,v3,lidskjalv-generated-v3,passed,,passed,2026-05-09T15:04:22Z,2026-05-09T15:07:11Z,169,kvasir_ported,facebook_SoLoader__generated_v3_codex,generated-v3,AZ4NRxtLieERAlS2tHBA,True
codex,20260508T095244Z__feiniaojin_graceful-response__cf1cd118,feiniaojin_graceful-response,original,lidskjalv-original,passed,,passed,2026-05-09T15:07:26Z,2026-05-09T15:10:49Z,203,brokk_original,feiniaojin_graceful-response__original,original,AZ4NSm_XD8k6HhVEBOFl,True
codex,20260508T095244Z__feiniaojin_graceful-response__cf1cd118,feiniaojin_graceful-response,generated,lidskjalv-generated,passed,,passed,2026-05-09T15:38:43Z,2026-05-09T15:43:09Z,266,kvasir_ported,feiniaojin_graceful-response__generated_codex,generated,AZ4NaAh2D8k6HhVEBOR8,True
codex,20260508T095244Z__feiniaojin_graceful-response__cf1cd118,feiniaojin_graceful-response,v2,lidskjalv-generated-v2,passed,,passed,2026-05-09T16:06:21Z,2026-05-09T16:09:34Z,193,kvasir_ported,feiniaojin_graceful-response__generated_v2_codex,generated-v2,AZ4NgDkdD8k6HhVEBOez,True
codex,20260508T095244Z__feiniaojin_graceful-response__cf1cd118,feiniaojin_graceful-response,v3,lidskjalv-generated-v3,passed,,passed,2026-05-09T16:35:14Z,2026-05-09T16:37:44Z,150,kvasir_ported,feiniaojin_graceful-response__generated_v3_codex,generated-v3,AZ4NmgCs5ntoHWzxGrHh,True
codex,20260508T095249Z__jenkinsci_jenkinsfile-runner__9be9c0fb,jenkinsci_jenkinsfile-runner,original,lidskjalv-original,failed,unknown,failed,2026-05-09T16:37:58Z,2026-05-09T16:50:02Z,724,brokk_original,jenkinsci_jenkinsfile-runner__original,original,,False
codex,20260508T095249Z__jenkinsci_jenkinsfile-runner__9be9c0fb,jenkinsci_jenkinsfile-runner,generated,lidskjalv-generated,passed,,passed,2026-05-09T17:14:06Z,2026-05-09T17:16:42Z,156,kvasir_ported,jenkinsci_jenkinsfile-runner__generated_codex,generated,AZ4NvbA8T_26BOH8J0Ji,True
codex,20260508T095249Z__jenkinsci_jenkinsfile-runner__9be9c0fb,jenkinsci_jenkinsfile-runner,v2,lidskjalv-generated-v2,passed,,passed,2026-05-09T17:49:24Z,2026-05-09T17:51:42Z,138,kvasir_ported,jenkinsci_jenkinsfile-runner__generated_v2_codex,generated-v2,AZ4N3biPXYUGAuQRhSxr,True
codex,20260508T095249Z__jenkinsci_jenkinsfile-runner__9be9c0fb,jenkinsci_jenkinsfile-runner,v3,lidskjalv-generated-v3,passed,,passed,2026-05-09T18:23:44Z,2026-05-09T18:26:27Z,163,kvasir_ported,jenkinsci_jenkinsfile-runner__generated_v3_codex,generated-v3,AZ4N_YgR3baiznEAcZF7,True
codex,20260508T095255Z__mitre_HTTP-Proxy-Servlet__c799c5e1,mitre_HTTP-Proxy-Servlet,original,lidskjalv-original,passed,,passed,2026-05-09T18:26:41Z,2026-05-09T18:29:58Z,197,brokk_original,mitre_HTTP-Proxy-Servlet__original,original,AZ4OAMOA5ntoHWzxGr8x,True
codex,20260508T095255Z__mitre_HTTP-Proxy-Servlet__c799c5e1,mitre_HTTP-Proxy-Servlet,generated,lidskjalv-generated,passed,,passed,2026-05-09T18:56:36Z,2026-05-09T18:59:32Z,176,kvasir_ported,mitre_HTTP-Proxy-Servlet__generated_codex,generated,AZ4OG9Xa3baiznEAcZRL,True
codex,20260508T095255Z__mitre_HTTP-Proxy-Servlet__c799c5e1,mitre_HTTP-Proxy-Servlet,v2,lidskjalv-generated-v2,passed,,passed,2026-05-09T19:33:15Z,2026-05-09T19:37:06Z,231,kvasir_ported,mitre_HTTP-Proxy-Servlet__generated_v2_codex,generated-v2,AZ4OPjlpT_26BOH8J1RR,True
codex,20260508T095255Z__mitre_HTTP-Proxy-Servlet__c799c5e1,mitre_HTTP-Proxy-Servlet,v3,lidskjalv-generated-v3,passed,,passed,2026-05-09T20:09:33Z,2026-05-09T20:14:37Z,304,kvasir_ported,mitre_HTTP-Proxy-Servlet__generated_v3_codex,generated-v3,AZ4OYJLE9AznNwRb9_CG,True
codex,20260508T095300Z__stealthcopter_AndroidNetworkTools__a82af8a5,stealthcopter_AndroidNetworkTools,original,lidskjalv-original,failed,cli_fallback_failed,failed,2026-05-09T20:14:52Z,2026-05-09T20:18:38Z,226,brokk_original,stealthcopter_AndroidNetworkTools__original,original,,False
codex,20260508T095300Z__stealthcopter_AndroidNetworkTools__a82af8a5,stealthcopter_AndroidNetworkTools,generated,lidskjalv-generated,passed,,passed,2026-05-09T20:30:53Z,2026-05-09T20:33:08Z,135,kvasir_ported,stealthcopter_AndroidNetworkTools__generated_codex,generated,AZ4OcYZrT_26BOH8J1oY,True
codex,20260508T095300Z__stealthcopter_AndroidNetworkTools__a82af8a5,stealthcopter_AndroidNetworkTools,v2,lidskjalv-generated-v2,passed,,passed,2026-05-09T20:51:14Z,2026-05-09T20:53:44Z,150,kvasir_ported,stealthcopter_AndroidNetworkTools__generated_v2_codex,generated-v2,AZ4OhGU5ieERAlS2tJY6,True
codex,20260508T095300Z__stealthcopter_AndroidNetworkTools__a82af8a5,stealthcopter_AndroidNetworkTools,v3,lidskjalv-generated-v3,passed,,passed,2026-05-09T21:12:33Z,2026-05-09T21:15:03Z,150,kvasir_ported,stealthcopter_AndroidNetworkTools__generated_v3_codex,generated-v3,AZ4Ol-fQT_26BOH8J161,True
claude,20260510T103653Z__19MisterX98_SeedcrackerX__8e18d20d,19MisterX98_SeedcrackerX,original,lidskjalv-original,failed,unknown,failed,2026-05-10T10:37:12Z,2026-05-10T10:39:59Z,167,brokk_original,19MisterX98_SeedcrackerX__original,original,,False
claude,20260510T103653Z__19MisterX98_SeedcrackerX__8e18d20d,19MisterX98_SeedcrackerX,generated,lidskjalv-generated,passed,,passed,2026-05-10T11:28:56Z,2026-05-10T11:31:26Z,150,kvasir_ported,19MisterX98_SeedcrackerX__generated_claude,generated,AZ4Rp_D29AznNwRb-EC1,True
claude,20260510T103653Z__19MisterX98_SeedcrackerX__8e18d20d,19MisterX98_SeedcrackerX,v2,lidskjalv-generated-v2,failed,cli_fallback_failed,failed,2026-05-10T12:28:30Z,2026-05-10T12:41:35Z,785,kvasir_ported,19MisterX98_SeedcrackerX__generated_v2_claude,generated-v2,,False
claude,20260510T103653Z__19MisterX98_SeedcrackerX__8e18d20d,19MisterX98_SeedcrackerX,v3,lidskjalv-generated-v3,failed,cli_fallback_failed,failed,2026-05-10T13:39:56Z,2026-05-10T14:16:00Z,2164,kvasir_ported,19MisterX98_SeedcrackerX__generated_v3_claude,generated-v3,,False
claude,20260510T154735Z__airbnb_native-navigation__9cf50bf9,airbnb_native-navigation,original,lidskjalv-original,failed,build_jdk_mismatch,failed,2026-05-10T15:47:58Z,2026-05-10T15:49:33Z,95,brokk_original,airbnb_native-navigation__original,original,,False
claude,20260510T154735Z__airbnb_native-navigation__9cf50bf9,airbnb_native-navigation,generated,lidskjalv-generated,passed,,passed,2026-05-10T16:33:19Z,2026-05-10T16:36:31Z,192,kvasir_ported,airbnb_native-navigation__generated_claude,generated,AZ4SvzoB9AznNwRb-GVj,True
claude,20260510T154735Z__airbnb_native-navigation__9cf50bf9,airbnb_native-navigation,v2,lidskjalv-generated-v2,passed,,passed,2026-05-10T17:25:29Z,2026-05-10T17:28:48Z,199,kvasir_ported,airbnb_native-navigation__generated_v2_claude,generated-v2,AZ4S7x9N3baiznEAchZb,True
claude,20260510T154735Z__airbnb_native-navigation__9cf50bf9,airbnb_native-navigation,v3,lidskjalv-generated-v3,passed,,passed,2026-05-10T18:22:16Z,2026-05-10T18:24:43Z,147,kvasir_ported,airbnb_native-navigation__generated_v3_claude,generated-v3,AZ4TIlD5ik2V-rlu63lF,True
claude,20260510T154742Z__amitshekhariitbhu_Android-Debug-Database__bf149df6,amitshekhariitbhu_Android-Debug-Database,original,lidskjalv-original,failed,cli_fallback_failed,failed,2026-05-10T18:24:58Z,2026-05-10T18:26:26Z,88,brokk_original,amitshekhariitbhu_Android-Debug-Database__original,original,,False
claude,20260510T154742Z__amitshekhariitbhu_Android-Debug-Database__bf149df6,amitshekhariitbhu_Android-Debug-Database,generated,lidskjalv-generated,passed,,passed,2026-05-10T19:16:11Z,2026-05-10T19:18:53Z,162,kvasir_ported,amitshekhariitbhu_Android-Debug-Database__generated_claude,generated,AZ4TU-iIieERAlS2tRKy,True
claude,20260510T154742Z__amitshekhariitbhu_Android-Debug-Database__bf149df6,amitshekhariitbhu_Android-Debug-Database,v2,lidskjalv-generated-v2,passed,,passed,2026-05-10T19:59:04Z,2026-05-10T20:02:15Z,191,kvasir_ported,amitshekhariitbhu_Android-Debug-Database__generated_v2_claude,generated-v2,AZ4Te5quieERAlS2tReC,True
claude,20260510T154742Z__amitshekhariitbhu_Android-Debug-Database__bf149df6,amitshekhariitbhu_Android-Debug-Database,v3,lidskjalv-generated-v3,passed,,passed,2026-05-10T20:55:26Z,2026-05-10T20:58:14Z,168,kvasir_ported,amitshekhariitbhu_Android-Debug-Database__generated_v3_claude,generated-v3,AZ4Trtv-3baiznEAcjOz,True
claude,20260510T154753Z__amitshekhariitbhu_PRDownloader__611b12c8,amitshekhariitbhu_PRDownloader,original,lidskjalv-original,failed,dependency_failure,failed,2026-05-10T20:58:30Z,2026-05-10T21:01:51Z,201,brokk_original,amitshekhariitbhu_PRDownloader__original,original,,False
claude,20260510T154753Z__amitshekhariitbhu_PRDownloader__611b12c8,amitshekhariitbhu_PRDownloader,generated,lidskjalv-generated,passed,,passed,2026-05-10T21:44:51Z,2026-05-10T21:47:31Z,160,kvasir_ported,amitshekhariitbhu_PRDownloader__generated_claude,generated,AZ4T2__69AznNwRb-IvM,True
claude,20260510T154753Z__amitshekhariitbhu_PRDownloader__611b12c8,amitshekhariitbhu_PRDownloader,v2,lidskjalv-generated-v2,passed,,passed,2026-05-10T22:26:35Z,2026-05-10T22:29:25Z,170,kvasir_ported,amitshekhariitbhu_PRDownloader__generated_v2_claude,generated-v2,AZ4UAlqCT_26BOH8J_bw,True
claude,20260510T154753Z__amitshekhariitbhu_PRDownloader__611b12c8,amitshekhariitbhu_PRDownloader,v3,lidskjalv-generated-v3,passed,,passed,2026-05-10T23:12:11Z,2026-05-10T23:14:34Z,143,kvasir_ported,amitshekhariitbhu_PRDownloader__generated_v3_claude,generated-v3,AZ4UK7I9ik2V-rlu65so,True
claude,20260510T154759Z__awaitility_awaitility__4fc23ccb,awaitility_awaitility,original,lidskjalv-original,passed,,passed,2026-05-10T23:14:52Z,2026-05-10T23:21:15Z,383,brokk_original,awaitility_awaitility__original,original,AZ4UMcfC9AznNwRb-JZr,True
claude,20260510T154759Z__awaitility_awaitility__4fc23ccb,awaitility_awaitility,generated,lidskjalv-generated,passed,,passed,2026-05-11T00:29:28Z,2026-05-11T00:33:03Z,215,kvasir_ported,awaitility_awaitility__generated_claude,generated,AZ4Uc4aYXYUGAuQRhe-2,True
claude,20260510T154759Z__awaitility_awaitility__4fc23ccb,awaitility_awaitility,v2,lidskjalv-generated-v2,passed,,passed,2026-05-11T01:41:49Z,2026-05-11T01:46:02Z,253,kvasir_ported,awaitility_awaitility__generated_v2_claude,generated-v2,AZ4UtlrZ5ntoHWzxG4aN,True
claude,20260510T154759Z__awaitility_awaitility__4fc23ccb,awaitility_awaitility,v3,lidskjalv-generated-v3,passed,,passed,2026-05-11T03:05:28Z,2026-05-11T03:20:18Z,890,kvasir_ported,awaitility_awaitility__generated_v3_claude,generated-v3,AZ4VDKe8ik2V-rlu68lc,True
claude,20260510T154807Z__DantSu_ESCPOS-ThermalPrinter-Android__f61030e4,DantSu_ESCPOS-ThermalPrinter-Android,original,lidskjalv-original,failed,build_failure,failed,2026-05-11T03:20:36Z,2026-05-11T03:23:28Z,172,brokk_original,DantSu_ESCPOS-ThermalPrinter-Android__original,original,,False
claude,20260510T154807Z__DantSu_ESCPOS-ThermalPrinter-Android__f61030e4,DantSu_ESCPOS-ThermalPrinter-Android,generated,lidskjalv-generated,passed,,passed,2026-05-11T04:10:48Z,2026-05-11T04:14:13Z,205,kvasir_ported,DantSu_ESCPOS-ThermalPrinter-Android__generated_claude,generated,AZ4VPgDxD8k6HhVEBeyv,True
claude,20260510T154807Z__DantSu_ESCPOS-ThermalPrinter-Android__f61030e4,DantSu_ESCPOS-ThermalPrinter-Android,v2,lidskjalv-generated-v2,passed,,passed,2026-05-11T04:53:17Z,2026-05-11T04:56:16Z,179,kvasir_ported,DantSu_ESCPOS-ThermalPrinter-Android__generated_v2_claude,generated-v2,AZ4VZIWcik2V-rlu6-JK,True
claude,20260510T154807Z__DantSu_ESCPOS-ThermalPrinter-Android__f61030e4,DantSu_ESCPOS-ThermalPrinter-Android,v3,lidskjalv-generated-v3,passed,,passed,2026-05-11T05:52:51Z,2026-05-11T05:55:29Z,158,kvasir_ported,DantSu_ESCPOS-ThermalPrinter-Android__generated_v3_claude,generated-v3,AZ4Vmrvke3Pz47ocIYo1,True
claude,20260510T154813Z__elvishew_xLog__3faa6b27,elvishew_xLog,original,lidskjalv-original,failed,sdk_not_found,failed,2026-05-11T05:55:45Z,2026-05-11T05:58:17Z,152,brokk_original,elvishew_xLog__original,original,,False
claude,20260510T154813Z__elvishew_xLog__3faa6b27,elvishew_xLog,generated,lidskjalv-generated,passed,,passed,2026-05-11T06:50:54Z,2026-05-11T06:53:55Z,181,kvasir_ported,elvishew_xLog__generated_claude,generated,AZ4V0DgQXYUGAuQRhmGj,True
claude,20260510T154813Z__elvishew_xLog__3faa6b27,elvishew_xLog,v2,lidskjalv-generated-v2,passed,,passed,2026-05-11T07:43:01Z,2026-05-11T07:45:56Z,175,kvasir_ported,elvishew_xLog__generated_v2_claude,generated-v2,AZ4V_9Ts00V5dZ1l10tU,True
claude,20260510T154813Z__elvishew_xLog__3faa6b27,elvishew_xLog,v3,lidskjalv-generated-v3,passed,,passed,2026-05-11T08:31:31Z,2026-05-11T08:34:44Z,193,kvasir_ported,elvishew_xLog__generated_v3_claude,generated-v3,AZ4WLIR-qGGqwE459LC6,True
claude,20260510T154820Z__EsotericSoftware_reflectasm__e34c5e8b,EsotericSoftware_reflectasm,original,lidskjalv-original,passed,,passed,2026-05-11T08:35:00Z,2026-05-11T08:38:07Z,187,brokk_original,EsotericSoftware_reflectasm__original,original,AZ4WL6Dfemip2GEx1egs,True
claude,20260510T154820Z__EsotericSoftware_reflectasm__e34c5e8b,EsotericSoftware_reflectasm,generated,lidskjalv-generated,passed,,passed,2026-05-11T09:05:50Z,2026-05-11T09:08:45Z,175,kvasir_ported,EsotericSoftware_reflectasm__generated_claude,generated,AZ4WS65sryDYdMn8daky,True
claude,20260510T154820Z__EsotericSoftware_reflectasm__e34c5e8b,EsotericSoftware_reflectasm,v2,lidskjalv-generated-v2,passed,,passed,2026-05-11T09:48:57Z,2026-05-11T09:51:28Z,151,kvasir_ported,EsotericSoftware_reflectasm__generated_v2_claude,generated-v2,AZ4WcsmzqGGqwE459Pg-,True
claude,20260510T154820Z__EsotericSoftware_reflectasm__e34c5e8b,EsotericSoftware_reflectasm,v3,lidskjalv-generated-v3,passed,,passed,2026-05-11T10:25:22Z,2026-05-11T10:27:58Z,156,kvasir_ported,EsotericSoftware_reflectasm__generated_v3_claude,generated-v3,AZ4WlDH5SP5q1FwKK55r,True
claude,20260510T154826Z__esoxjem_MovieGuide__dc1f20fb,esoxjem_MovieGuide,original,lidskjalv-original,failed,build_failure,failed,2026-05-11T10:28:15Z,2026-05-11T10:29:52Z,97,brokk_original,esoxjem_MovieGuide__original,original,,False
claude,20260510T154826Z__esoxjem_MovieGuide__dc1f20fb,esoxjem_MovieGuide,generated,lidskjalv-generated,passed,,passed,2026-05-11T11:07:40Z,2026-05-11T11:10:54Z,194,kvasir_ported,esoxjem_MovieGuide__generated_claude,generated,AZ4Wu3n5Tn9u1nTtuOkR,True
claude,20260510T154826Z__esoxjem_MovieGuide__dc1f20fb,esoxjem_MovieGuide,v2,lidskjalv-generated-v2,passed,,passed,2026-05-11T11:59:28Z,2026-05-11T12:02:46Z,198,kvasir_ported,esoxjem_MovieGuide__generated_v2_claude,generated-v2,AZ4W6vpG0UEsDVJnz5yO,True
claude,20260510T154826Z__esoxjem_MovieGuide__dc1f20fb,esoxjem_MovieGuide,v3,lidskjalv-generated-v3,passed,,passed,2026-05-11T12:39:06Z,2026-05-11T12:42:03Z,177,kvasir_ported,esoxjem_MovieGuide__generated_v3_claude,generated-v3,AZ4XDu5On2bl2JNY3Wwy,True
claude,20260510T154832Z__evant_binding-collection-adapter__ac7972e1,evant_binding-collection-adapter,original,lidskjalv-original,failed,sdk_not_found,failed,2026-05-11T12:42:20Z,2026-05-11T12:45:19Z,179,brokk_original,evant_binding-collection-adapter__original,original,,False
claude,20260510T154832Z__evant_binding-collection-adapter__ac7972e1,evant_binding-collection-adapter,generated,lidskjalv-generated,passed,,passed,2026-05-11T13:47:59Z,2026-05-11T13:50:38Z,159,kvasir_ported,evant_binding-collection-adapter__generated_claude,generated,AZ4XTbxan2bl2JNY3biJ,True
claude,20260510T154832Z__evant_binding-collection-adapter__ac7972e1,evant_binding-collection-adapter,v2,lidskjalv-generated-v2,passed,,passed,2026-05-11T14:27:43Z,2026-05-11T14:30:30Z,167,kvasir_ported,evant_binding-collection-adapter__generated_v2_claude,generated-v2,AZ4XcjiuSP5q1FwKLJty,True
claude,20260510T154832Z__evant_binding-collection-adapter__ac7972e1,evant_binding-collection-adapter,v3,lidskjalv-generated-v3,passed,,passed,2026-05-11T15:18:44Z,2026-05-11T15:21:22Z,158,kvasir_ported,evant_binding-collection-adapter__generated_v3_claude,generated-v3,AZ4XoM22w6ZknZmIHMXG,True
claude,20260510T154845Z__frohoff_ysoserial__218bcffc,frohoff_ysoserial,original,lidskjalv-original,passed,,passed,2026-05-11T15:21:40Z,2026-05-11T15:27:16Z,336,brokk_original,frohoff_ysoserial__original,original,AZ4Xpi0t-sqW6VKAsGUY,True
claude,20260510T154845Z__frohoff_ysoserial__218bcffc,frohoff_ysoserial,generated,lidskjalv-generated,passed,,passed,2026-05-11T17:15:14Z,2026-05-11T17:18:06Z,172,kvasir_ported,frohoff_ysoserial__generated_claude,generated,AZ4YC62--sqW6VKAsLuP,True
claude,20260510T154845Z__frohoff_ysoserial__218bcffc,frohoff_ysoserial,v2,lidskjalv-generated-v2,passed,,passed,2026-05-11T18:27:09Z,2026-05-11T18:30:52Z,223,kvasir_ported,frohoff_ysoserial__generated_v2_claude,generated-v2,AZ4YTkuXED6ewRKuSM5_,True
claude,20260510T154845Z__frohoff_ysoserial__218bcffc,frohoff_ysoserial,v3,lidskjalv-generated-v3,blocked,blocked-by-upstream,,2026-05-11T20:30:56Z,2026-05-11T20:30:56Z,0,andvari,,,,False
claude,20260511T105128Z__gothinkster_spring-boot-realworld-example-app__ee17e31a,gothinkster_spring-boot-realworld-example-app,original,lidskjalv-original,passed,,passed,2026-05-11T20:31:13Z,2026-05-11T20:37:17Z,364,brokk_original,gothinkster_spring-boot-realworld-example-app__original,original,AZ4YwgfRKjPCrWIcvHIu,True
claude,20260511T105128Z__gothinkster_spring-boot-realworld-example-app__ee17e31a,gothinkster_spring-boot-realworld-example-app,generated,lidskjalv-generated,passed,,passed,2026-05-11T22:39:40Z,2026-05-11T22:43:05Z,205,kvasir_ported,gothinkster_spring-boot-realworld-example-app__generated_claude,generated,AZ4ZNSfYjCtznkRqErsp,True
claude,20260511T105128Z__gothinkster_spring-boot-realworld-example-app__ee17e31a,gothinkster_spring-boot-realworld-example-app,v2,lidskjalv-generated-v2,passed,,passed,2026-05-12T00:04:05Z,2026-05-12T00:06:56Z,171,kvasir_ported,gothinkster_spring-boot-realworld-example-app__generated_v2_claude,generated-v2,AZ4Zgfl6KjPCrWIcvL5y,True
claude,20260511T105128Z__gothinkster_spring-boot-realworld-example-app__ee17e31a,gothinkster_spring-boot-realworld-example-app,v3,lidskjalv-generated-v3,passed,,passed,2026-05-12T02:09:14Z,2026-05-12T02:13:43Z,269,kvasir_ported,gothinkster_spring-boot-realworld-example-app__generated_v3_claude,generated-v3,AZ4Z9guA79-JoR0bVAlc,True
claude,20260511T105134Z__Grt1228_chatgpt-java__ae761b89,Grt1228_chatgpt-java,original,lidskjalv-original,error,lidskjalv-timeout,,2026-05-12T02:13:59Z,2026-05-12T04:14:00Z,7201,brokk_original,,,,False
claude,20260511T105134Z__Grt1228_chatgpt-java__ae761b89,Grt1228_chatgpt-java,generated,lidskjalv-generated,passed,,passed,2026-05-12T04:57:01Z,2026-05-12T05:01:08Z,247,andvari,Grt1228_chatgpt-java__generated_claude,generated,AZ4aj03H-sqW6VKAsdLo,True
claude,20260511T105134Z__Grt1228_chatgpt-java__ae761b89,Grt1228_chatgpt-java,v2,lidskjalv-generated-v2,passed,,passed,2026-05-12T07:34:34Z,2026-05-12T07:38:41Z,247,andvari,Grt1228_chatgpt-java__generated_v2_claude,generated-v2,AZ4bH5Ri79-JoR0bVJuy,True
claude,20260511T105134Z__Grt1228_chatgpt-java__ae761b89,Grt1228_chatgpt-java,v3,lidskjalv-generated-v3,passed,,passed,2026-05-12T09:08:49Z,2026-05-12T09:12:16Z,207,andvari,Grt1228_chatgpt-java__generated_v3_claude,generated-v3,AZ4bdToDKjPCrWIcvb8j,True
claude,20260511T105140Z__happyfish100_fastdfs-client-java__4e7b6b34,happyfish100_fastdfs-client-java,original,lidskjalv-original,passed,,passed,2026-05-12T09:13:55Z,2026-05-12T09:16:56Z,181,brokk_original,happyfish100_fastdfs-client-java__original,original,AZ4beYQ279-JoR0bVPhT,True
claude,20260511T105140Z__happyfish100_fastdfs-client-java__4e7b6b34,happyfish100_fastdfs-client-java,generated,lidskjalv-generated,passed,,passed,2026-05-12T10:20:23Z,2026-05-12T10:24:12Z,229,kvasir_ported,happyfish100_fastdfs-client-java__generated_claude,generated,AZ4btxrEQBDXl5TkyaKh,True
claude,20260511T105140Z__happyfish100_fastdfs-client-java__4e7b6b34,happyfish100_fastdfs-client-java,v2,lidskjalv-generated-v2,passed,,passed,2026-05-12T11:16:36Z,2026-05-12T11:19:21Z,165,kvasir_ported,happyfish100_fastdfs-client-java__generated_v2_claude,generated-v2,AZ4b6ZcTmbJ3vSDngiSQ,True
claude,20260511T105140Z__happyfish100_fastdfs-client-java__4e7b6b34,happyfish100_fastdfs-client-java,v3,lidskjalv-generated-v3,passed,,passed,2026-05-12T12:10:16Z,2026-05-12T12:13:52Z,216,kvasir_ported,happyfish100_fastdfs-client-java__generated_v3_claude,generated-v3,AZ4cG4KPahZQkFo0EssZ,True
claude,20260511T105145Z__j-easy_easy-rules__d4450831,j-easy_easy-rules,original,lidskjalv-original,passed,,passed,2026-05-12T12:14:10Z,2026-05-12T12:19:03Z,293,brokk_original,j-easy_easy-rules__original,original,AZ4cIDhi8QFFUrV9EUd8,True
claude,20260511T105145Z__j-easy_easy-rules__d4450831,j-easy_easy-rules,generated,lidskjalv-generated,passed,,passed,2026-05-12T13:01:40Z,2026-05-12T13:04:32Z,172,kvasir_ported,j-easy_easy-rules__generated_claude,generated,AZ4cSeTBahZQkFo0EwFN,True
claude,20260511T105145Z__j-easy_easy-rules__d4450831,j-easy_easy-rules,v2,lidskjalv-generated-v2,passed,,passed,2026-05-12T13:55:52Z,2026-05-12T14:00:04Z,252,kvasir_ported,j-easy_easy-rules__generated_v2_claude,generated-v2,AZ4cfLbATnxYjhe_Prld,True
claude,20260511T105145Z__j-easy_easy-rules__d4450831,j-easy_easy-rules,v3,lidskjalv-generated-v3,passed,,passed,2026-05-12T15:03:13Z,2026-05-12T15:07:09Z,236,kvasir_ported,j-easy_easy-rules__generated_v3_claude,generated-v3,AZ4cuiSyXYkn1PMvXktq,True
claude,20260511T105150Z__JakeWharton_RxRelay__9540ecc7,JakeWharton_RxRelay,original,lidskjalv-original,passed,,passed,2026-05-12T15:07:54Z,2026-05-12T15:12:44Z,290,brokk_original,JakeWharton_RxRelay__original,original,AZ4cv0N8uBcCiqa1jsMP,True
claude,20260511T105150Z__JakeWharton_RxRelay__9540ecc7,JakeWharton_RxRelay,generated,lidskjalv-generated,passed,,passed,2026-05-12T15:57:21Z,2026-05-12T16:00:39Z,198,kvasir_ported,JakeWharton_RxRelay__generated_claude,generated,AZ4c6ycg0dKnJVZSNAZG,True
claude,20260511T105150Z__JakeWharton_RxRelay__9540ecc7,JakeWharton_RxRelay,v2,lidskjalv-generated-v2,passed,,passed,2026-05-12T16:50:20Z,2026-05-12T16:52:52Z,152,kvasir_ported,JakeWharton_RxRelay__generated_v2_claude,generated-v2,AZ4dGvHs2KfF0IFbVgYL,True
claude,20260511T105150Z__JakeWharton_RxRelay__9540ecc7,JakeWharton_RxRelay,v3,lidskjalv-generated-v3,passed,,passed,2026-05-12T17:31:40Z,2026-05-12T17:34:27Z,167,kvasir_ported,JakeWharton_RxRelay__generated_v3_claude,generated-v3,AZ4dQQebCmnb3FO3ueQe,True
claude,20260511T105155Z__jOOQ_jOOR__23e17cf3,jOOQ_jOOR,original,lidskjalv-original,passed,,passed,2026-05-12T17:34:43Z,2026-05-12T17:37:42Z,179,brokk_original,jOOQ_jOOR__original,original,AZ4dQ_1RU8ntkLvSXjKb,True
claude,20260511T105155Z__jOOQ_jOOR__23e17cf3,jOOQ_jOOR,generated,lidskjalv-generated,passed,,passed,2026-05-12T18:12:06Z,2026-05-12T18:14:28Z,142,kvasir_ported,jOOQ_jOOR__generated_claude,generated,AZ4dZagBexkV7JOcNjPa,True
claude,20260511T105155Z__jOOQ_jOOR__23e17cf3,jOOQ_jOOR,v2,lidskjalv-generated-v2,passed,,passed,2026-05-12T18:42:08Z,2026-05-12T18:44:11Z,123,kvasir_ported,jOOQ_jOOR__generated_v2_claude,generated-v2,AZ4dgOCn0awO8PTtnDub,True
claude,20260511T105155Z__jOOQ_jOOR__23e17cf3,jOOQ_jOOR,v3,lidskjalv-generated-v3,passed,,passed,2026-05-12T19:17:42Z,2026-05-12T19:20:13Z,151,kvasir_ported,jOOQ_jOOR__generated_v3_claude,generated-v3,AZ4dodsSZoX_YGdn9g56,True
claude,20260511T105200Z__LianjiaTech_retrofit-spring-boot-starter__24cb9eda,LianjiaTech_retrofit-spring-boot-starter,original,lidskjalv-original,passed,,passed,2026-05-12T19:20:32Z,2026-05-12T19:24:16Z,224,brokk_original,LianjiaTech_retrofit-spring-boot-starter__original,original,AZ4dpY5xCmnb3FO3uiKA,True
claude,20260511T105200Z__LianjiaTech_retrofit-spring-boot-starter__24cb9eda,LianjiaTech_retrofit-spring-boot-starter,generated,lidskjalv-generated,passed,,passed,2026-05-12T20:19:29Z,2026-05-12T20:22:52Z,203,kvasir_ported,LianjiaTech_retrofit-spring-boot-starter__generated_claude,generated,AZ4d2zOkCmnb3FO3ukHK,True
claude,20260511T105200Z__LianjiaTech_retrofit-spring-boot-starter__24cb9eda,LianjiaTech_retrofit-spring-boot-starter,v2,lidskjalv-generated-v2,passed,,passed,2026-05-12T21:39:32Z,2026-05-12T21:42:52Z,200,kvasir_ported,LianjiaTech_retrofit-spring-boot-starter__generated_v2_claude,generated-v2,AZ4eJG58exkV7JOcNqKZ,True
claude,20260511T105200Z__LianjiaTech_retrofit-spring-boot-starter__24cb9eda,LianjiaTech_retrofit-spring-boot-starter,v3,lidskjalv-generated-v3,passed,,passed,2026-05-13T00:22:04Z,2026-05-13T00:25:02Z,178,andvari,LianjiaTech_retrofit-spring-boot-starter__generated_v3_claude,generated-v3,AZ4euOfJ0awO8PTtnNVZ,True
claude,20260511T105205Z__linkedin_kafka-monitor__043db641,linkedin_kafka-monitor,original,lidskjalv-original,failed,dependency_failure,failed,2026-05-13T00:25:19Z,2026-05-13T00:26:31Z,72,brokk_original,linkedin_kafka-monitor__original,original,,False
claude,20260511T105205Z__linkedin_kafka-monitor__043db641,linkedin_kafka-monitor,generated,lidskjalv-generated,passed,,passed,2026-05-13T01:44:51Z,2026-05-13T01:47:36Z,165,kvasir_ported,linkedin_kafka-monitor__generated_claude,generated,AZ4fBIAFCmnb3FO3urkR,True
claude,20260511T105205Z__linkedin_kafka-monitor__043db641,linkedin_kafka-monitor,v2,lidskjalv-generated-v2,passed,,passed,2026-05-13T03:05:30Z,2026-05-13T03:08:36Z,186,kvasir_ported,linkedin_kafka-monitor__generated_v2_claude,generated-v2,AZ4fTqqz0awO8PTtnQYC,True
claude,20260511T105205Z__linkedin_kafka-monitor__043db641,linkedin_kafka-monitor,v3,lidskjalv-generated-v3,passed,,passed,2026-05-13T04:44:03Z,2026-05-13T04:47:37Z,214,kvasir_ported,linkedin_kafka-monitor__generated_v3_claude,generated-v3,AZ4fqU7l2KfF0IFbVy9F,True
claude,20260511T105211Z__macrozheng_mall-tiny__a81ec474,macrozheng_mall-tiny,original,lidskjalv-original,error,lidskjalv-timeout,,2026-05-13T04:47:52Z,2026-05-13T06:47:53Z,7201,brokk_original,,,,False
claude,20260511T105211Z__macrozheng_mall-tiny__a81ec474,macrozheng_mall-tiny,generated,lidskjalv-generated,passed,,passed,2026-05-13T06:34:06Z,2026-05-13T06:37:06Z,180,kvasir_ported,macrozheng_mall-tiny__generated_claude,generated,AZ4gDYlyr5nSqfS7AJ8f,True
claude,20260511T105211Z__macrozheng_mall-tiny__a81ec474,macrozheng_mall-tiny,v2,lidskjalv-generated-v2,passed,,passed,2026-05-13T07:41:01Z,2026-05-13T07:44:06Z,185,kvasir_ported,macrozheng_mall-tiny__generated_v2_claude,generated-v2,AZ4gSt5b2KfF0IFbV4df,True
claude,20260511T105211Z__macrozheng_mall-tiny__a81ec474,macrozheng_mall-tiny,v3,lidskjalv-generated-v3,passed,,passed,2026-05-13T08:50:26Z,2026-05-13T08:53:33Z,187,kvasir_ported,macrozheng_mall-tiny__generated_v3_claude,generated-v3,AZ4ginaD0awO8PTtnbjx,True
claude,20260511T105217Z__mbechler_marshalsec__243c5aa8,mbechler_marshalsec,original,lidskjalv-original,passed,,passed,2026-05-13T08:53:53Z,2026-05-13T08:57:17Z,204,brokk_original,mbechler_marshalsec__original,original,AZ4gjeFhxjubveaUK9AI,True
claude,20260511T105217Z__mbechler_marshalsec__243c5aa8,mbechler_marshalsec,generated,lidskjalv-generated,passed,,passed,2026-05-13T09:46:23Z,2026-05-13T09:50:03Z,220,kvasir_ported,mbechler_marshalsec__generated_claude,generated,AZ4gvi1XexkV7JOcN_jI,True
claude,20260511T105217Z__mbechler_marshalsec__243c5aa8,mbechler_marshalsec,v2,lidskjalv-generated-v2,failed,build_failure,failed,2026-05-13T11:21:31Z,2026-05-13T11:22:12Z,41,kvasir_ported,mbechler_marshalsec__generated_v2_claude,generated-v2,,False
claude,20260511T105217Z__mbechler_marshalsec__243c5aa8,mbechler_marshalsec,v3,lidskjalv-generated-v3,passed,,passed,2026-05-13T12:26:17Z,2026-05-13T12:29:34Z,197,kvasir_ported,mbechler_marshalsec__generated_v3_claude,generated-v3,AZ4hUD5OAJBnNzrgy4EY,True
claude,20260513T080244Z__Meituan-Dianping_walle__f78edcf1,Meituan-Dianping_walle,original,lidskjalv-original,failed,dependency_failure,failed,2026-05-13T12:30:04Z,2026-05-13T12:30:40Z,36,brokk_original,Meituan-Dianping_walle__original,original,,False
claude,20260513T080244Z__Meituan-Dianping_walle__f78edcf1,Meituan-Dianping_walle,generated,lidskjalv-generated,passed,,passed,2026-05-13T13:22:26Z,2026-05-13T13:25:44Z,198,kvasir_ported,Meituan-Dianping_walle__generated_claude,generated,AZ4hg6nP4VnCcDoMNdGC,True
claude,20260513T080244Z__Meituan-Dianping_walle__f78edcf1,Meituan-Dianping_walle,v2,lidskjalv-generated-v2,passed,,passed,2026-05-13T14:04:22Z,2026-05-13T14:06:51Z,149,kvasir_ported,Meituan-Dianping_walle__generated_v2_claude,generated-v2,AZ4hqU1WqM-3tg4TxtWZ,True
claude,20260513T080244Z__Meituan-Dianping_walle__f78edcf1,Meituan-Dianping_walle,v3,lidskjalv-generated-v3,passed,,passed,2026-05-13T14:47:46Z,2026-05-13T14:52:34Z,288,kvasir_ported,Meituan-Dianping_walle__generated_v3_claude,generated-v3,AZ4h0yxOwv_U94NF6qWq,True
claude,20260513T080251Z__Mojang_brigadier__b5419b18,Mojang_brigadier,original,lidskjalv-original,passed,,passed,2026-05-13T14:53:13Z,2026-05-13T14:55:13Z,120,brokk_original,Mojang_brigadier__original,original,AZ4h1Zl8UofeK3WCpfk8,True
claude,20260513T080251Z__Mojang_brigadier__b5419b18,Mojang_brigadier,generated,lidskjalv-generated,blocked,blocked-by-upstream,,2026-05-13T16:53:23Z,2026-05-13T16:53:23Z,0,andvari,,,,False
claude,20260513T080251Z__Mojang_brigadier__b5419b18,Mojang_brigadier,v2,lidskjalv-generated-v2,passed,,passed,2026-05-13T17:46:17Z,2026-05-13T17:49:20Z,183,kvasir_ported,Mojang_brigadier__generated_v2_claude,generated-v2,AZ4idP1hfXZBP6mz9Ajl,True
claude,20260513T080251Z__Mojang_brigadier__b5419b18,Mojang_brigadier,v3,lidskjalv-generated-v3,passed,,passed,2026-05-13T18:59:04Z,2026-05-13T19:02:19Z,195,kvasir_ported,Mojang_brigadier__generated_v3_claude,generated-v3,AZ4it8XvPJ1jdvmzfp8z,True
claude,20260513T080257Z__monkeyWie_proxyee__c2c5bb4c,monkeyWie_proxyee,original,lidskjalv-original,passed,,passed,2026-05-13T19:02:37Z,2026-05-13T19:06:02Z,205,brokk_original,monkeyWie_proxyee__original,original,AZ4iuzYyPJ1jdvmzfqFA,True
claude,20260513T080257Z__monkeyWie_proxyee__c2c5bb4c,monkeyWie_proxyee,generated,lidskjalv-generated,passed,,passed,2026-05-13T20:24:48Z,2026-05-13T20:27:56Z,188,kvasir_ported,monkeyWie_proxyee__generated_claude,generated,AZ4jBjL08J0Zxzkcr-sn,True
claude,20260513T080257Z__monkeyWie_proxyee__c2c5bb4c,monkeyWie_proxyee,v2,lidskjalv-generated-v2,passed,,passed,2026-05-13T21:18:54Z,2026-05-13T21:21:29Z,155,kvasir_ported,monkeyWie_proxyee__generated_v2_claude,generated-v2,AZ4jNzq_hZuC-t72P-nf,True
claude,20260513T080257Z__monkeyWie_proxyee__c2c5bb4c,monkeyWie_proxyee,v3,lidskjalv-generated-v3,passed,,passed,2026-05-13T22:02:53Z,2026-05-13T22:06:14Z,201,kvasir_ported,monkeyWie_proxyee__generated_v3_claude,generated-v3,AZ4jYDQX7u7p5WO-5kRU,True
claude,20260513T080303Z__mouzt_mzt-biz-log__8d3a0271,mouzt_mzt-biz-log,original,lidskjalv-original,passed,,passed,2026-05-13T22:06:30Z,2026-05-13T22:10:20Z,230,brokk_original,mouzt_mzt-biz-log__original,original,AZ4jY_BwdATlqxs7Bnrq,True
claude,20260513T080303Z__mouzt_mzt-biz-log__8d3a0271,mouzt_mzt-biz-log,generated,lidskjalv-generated,passed,,passed,2026-05-13T23:50:10Z,2026-05-13T23:53:30Z,200,kvasir_ported,mouzt_mzt-biz-log__generated_claude,generated,AZ4jwmimFFOc1zTvoJte,True
claude,20260513T080303Z__mouzt_mzt-biz-log__8d3a0271,mouzt_mzt-biz-log,v2,lidskjalv-generated-v2,passed,,passed,2026-05-14T01:44:16Z,2026-05-14T01:47:47Z,211,kvasir_ported,mouzt_mzt-biz-log__generated_v2_claude,generated-v2,AZ4kKwm1GjxoCMT6VSFC,True
claude,20260513T080303Z__mouzt_mzt-biz-log__8d3a0271,mouzt_mzt-biz-log,v3,lidskjalv-generated-v3,passed,,passed,2026-05-14T03:07:58Z,2026-05-14T03:11:03Z,185,kvasir_ported,mouzt_mzt-biz-log__generated_v3_claude,generated-v3,AZ4kd0HyHlg3ejce3bGP,True
claude,20260513T080309Z__Netflix_concurrency-limits__e8df64d8,Netflix_concurrency-limits,original,lidskjalv-original,failed,task_not_found,failed,2026-05-14T03:11:19Z,2026-05-14T03:13:50Z,151,brokk_original,Netflix_concurrency-limits__original,original,,False
claude,20260513T080309Z__Netflix_concurrency-limits__e8df64d8,Netflix_concurrency-limits,generated,lidskjalv-generated,blocked,blocked-by-upstream,,2026-05-14T05:11:30Z,2026-05-14T05:11:30Z,0,andvari,,,,False
claude,20260513T080309Z__Netflix_concurrency-limits__e8df64d8,Netflix_concurrency-limits,v2,lidskjalv-generated-v2,passed,,passed,2026-05-14T06:02:51Z,2026-05-14T06:06:00Z,189,kvasir_ported,Netflix_concurrency-limits__generated_v2_claude,generated-v2,AZ4lF2w9Hlg3ejce3eW3,True
claude,20260513T080309Z__Netflix_concurrency-limits__e8df64d8,Netflix_concurrency-limits,v3,lidskjalv-generated-v3,passed,,passed,2026-05-14T07:10:25Z,2026-05-14T07:13:55Z,210,kvasir_ported,Netflix_concurrency-limits__generated_v3_claude,generated-v3,AZ4lVZeQRSJgRk9uV2Tw,True
claude,20260513T080314Z__pwittchen_ReactiveNetwork__ddfde340,pwittchen_ReactiveNetwork,original,lidskjalv-original,failed,unknown,failed,2026-05-14T07:14:13Z,2026-05-14T07:15:52Z,99,brokk_original,pwittchen_ReactiveNetwork__original,original,,False
claude,20260513T080314Z__pwittchen_ReactiveNetwork__ddfde340,pwittchen_ReactiveNetwork,generated,lidskjalv-generated,passed,,passed,2026-05-14T07:55:33Z,2026-05-14T07:58:48Z,195,kvasir_ported,pwittchen_ReactiveNetwork__generated_claude,generated,AZ4lfrhURSJgRk9uV33A,True
claude,20260513T080314Z__pwittchen_ReactiveNetwork__ddfde340,pwittchen_ReactiveNetwork,v2,lidskjalv-generated-v2,passed,,passed,2026-05-14T09:15:52Z,2026-05-14T09:19:11Z,199,kvasir_ported,pwittchen_ReactiveNetwork__generated_v2_claude,generated-v2,AZ4lyEnYFFOc1zTvoW6e,True
claude,20260513T080314Z__pwittchen_ReactiveNetwork__ddfde340,pwittchen_ReactiveNetwork,v3,lidskjalv-generated-v3,passed,,passed,2026-05-14T10:06:01Z,2026-05-14T10:08:46Z,165,kvasir_ported,pwittchen_ReactiveNetwork__generated_v3_claude,generated-v3,AZ4l9bCRO2RmsyyAdcb5,True
claude,20260513T080320Z__RikkaApps_Shizuku-API__a27f6e41,RikkaApps_Shizuku-API,original,lidskjalv-original,failed,dependency_failure,failed,2026-05-14T10:09:02Z,2026-05-14T10:12:47Z,225,brokk_original,RikkaApps_Shizuku-API__original,original,,False
claude,20260513T080320Z__RikkaApps_Shizuku-API__a27f6e41,RikkaApps_Shizuku-API,generated,lidskjalv-generated,passed,,passed,2026-05-14T10:42:55Z,2026-05-14T10:46:19Z,204,kvasir_ported,RikkaApps_Shizuku-API__generated_claude,generated,AZ4mGA-MYuf4Jk4pN9Dn,True
claude,20260513T080320Z__RikkaApps_Shizuku-API__a27f6e41,RikkaApps_Shizuku-API,v2,lidskjalv-generated-v2,passed,,passed,2026-05-14T11:31:52Z,2026-05-14T11:34:37Z,165,kvasir_ported,RikkaApps_Shizuku-API__generated_v2_claude,generated-v2,AZ4mREm496KjGFq-fCJW,True
claude,20260513T080320Z__RikkaApps_Shizuku-API__a27f6e41,RikkaApps_Shizuku-API,v3,lidskjalv-generated-v3,passed,,passed,2026-05-14T12:19:57Z,2026-05-14T12:23:59Z,242,kvasir_ported,RikkaApps_Shizuku-API__generated_v3_claude,generated-v3,AZ4mcYBH7ECLXxhJq39a,True
claude,20260513T080328Z__TheoKanning_openai-java__26909660,TheoKanning_openai-java,original,lidskjalv-original,passed,,passed,2026-05-14T12:24:16Z,2026-05-14T12:27:48Z,212,brokk_original,TheoKanning_openai-java__original,original,AZ4mdPYyCu9-4Mh-UAU1,True
claude,20260513T080328Z__TheoKanning_openai-java__26909660,TheoKanning_openai-java,generated,lidskjalv-generated,passed,,passed,2026-05-14T13:09:26Z,2026-05-14T13:12:57Z,211,kvasir_ported,TheoKanning_openai-java__generated_claude,generated,AZ4mnlTJtnJWG3UStbOk,True
claude,20260513T080328Z__TheoKanning_openai-java__26909660,TheoKanning_openai-java,v2,lidskjalv-generated-v2,passed,,passed,2026-05-14T14:02:09Z,2026-05-14T14:05:44Z,215,kvasir_ported,TheoKanning_openai-java__generated_v2_claude,generated-v2,AZ4mzqNfYuf4Jk4pOHIe,True
claude,20260513T080328Z__TheoKanning_openai-java__26909660,TheoKanning_openai-java,v3,lidskjalv-generated-v3,passed,,passed,2026-05-14T14:55:44Z,2026-05-14T14:59:21Z,217,kvasir_ported,TheoKanning_openai-java__generated_v3_claude,generated-v3,AZ4m_7rI96KjGFq-fM1V,True
claude,20260513T080335Z__ulisesbocchio_jasypt-spring-boot__2243cb80,ulisesbocchio_jasypt-spring-boot,original,lidskjalv-original,passed,,passed,2026-05-14T14:59:37Z,2026-05-14T15:07:08Z,451,brokk_original,ulisesbocchio_jasypt-spring-boot__original,original,AZ4nBtPEO2RmsyyAdryl,True
claude,20260513T080335Z__ulisesbocchio_jasypt-spring-boot__2243cb80,ulisesbocchio_jasypt-spring-boot,generated,lidskjalv-generated,passed,,passed,2026-05-14T15:56:04Z,2026-05-14T15:59:07Z,183,kvasir_ported,ulisesbocchio_jasypt-spring-boot__generated_claude,generated,AZ4nNm73ddhyVuvCqnXB,True
claude,20260513T080335Z__ulisesbocchio_jasypt-spring-boot__2243cb80,ulisesbocchio_jasypt-spring-boot,v2,lidskjalv-generated-v2,passed,,passed,2026-05-14T17:08:02Z,2026-05-14T17:11:04Z,182,kvasir_ported,ulisesbocchio_jasypt-spring-boot__generated_v2_claude,generated-v2,AZ4neEyB96KjGFq-fS7M,True
claude,20260513T080335Z__ulisesbocchio_jasypt-spring-boot__2243cb80,ulisesbocchio_jasypt-spring-boot,v3,lidskjalv-generated-v3,failed,native_scanner_incompatible,failed,2026-05-14T18:14:13Z,2026-05-14T18:17:18Z,185,kvasir_ported,ulisesbocchio_jasypt-spring-boot__generated_v3_claude,generated-v3,,False
claude,20260513T080342Z__whwlsfb_JDumpSpider__24fe3186,whwlsfb_JDumpSpider,original,lidskjalv-original,failed,build_failure,failed,2026-05-14T18:17:33Z,2026-05-14T18:18:01Z,28,brokk_original,whwlsfb_JDumpSpider__original,original,,False
claude,20260513T080342Z__whwlsfb_JDumpSpider__24fe3186,whwlsfb_JDumpSpider,generated,lidskjalv-generated,passed,,passed,2026-05-14T18:53:49Z,2026-05-14T18:56:26Z,157,kvasir_ported,whwlsfb_JDumpSpider__generated_claude,generated,AZ4n2MmgAtZWVZVfijAo,True
claude,20260513T080342Z__whwlsfb_JDumpSpider__24fe3186,whwlsfb_JDumpSpider,v2,lidskjalv-generated-v2,passed,,passed,2026-05-14T19:30:20Z,2026-05-14T19:33:21Z,181,kvasir_ported,whwlsfb_JDumpSpider__generated_v2_claude,generated-v2,AZ4n-pfRtnJWG3UStr3G,True
claude,20260513T080342Z__whwlsfb_JDumpSpider__24fe3186,whwlsfb_JDumpSpider,v3,lidskjalv-generated-v3,passed,,passed,2026-05-14T20:18:29Z,2026-05-14T20:22:04Z,215,kvasir_ported,whwlsfb_JDumpSpider__generated_v3_claude,generated-v3,AZ4oJy7yCu9-4Mh-UU1m,True
claude,20260514T193759Z__xtuhcy_gecco__e1f32e1c,xtuhcy_gecco,original,lidskjalv-original,passed,,passed,2026-05-14T20:22:20Z,2026-05-14T20:25:41Z,201,brokk_original,xtuhcy_gecco__original,original,AZ4oKn8K96KjGFq-fZ73,True
claude,20260514T193759Z__xtuhcy_gecco__e1f32e1c,xtuhcy_gecco,generated,lidskjalv-generated,passed,,passed,2026-05-14T21:37:14Z,2026-05-14T21:40:17Z,183,kvasir_ported,xtuhcy_gecco__generated_claude,generated,AZ4obsvQddhyVuvCqzep,True
claude,20260514T193759Z__xtuhcy_gecco__e1f32e1c,xtuhcy_gecco,v2,lidskjalv-generated-v2,passed,,passed,2026-05-14T22:28:19Z,2026-05-14T22:30:55Z,156,kvasir_ported,xtuhcy_gecco__generated_v2_claude,generated-v2,AZ4onSVMCu9-4Mh-UYxE,True
claude,20260514T193759Z__xtuhcy_gecco__e1f32e1c,xtuhcy_gecco,v3,lidskjalv-generated-v3,passed,,passed,2026-05-14T23:36:14Z,2026-05-14T23:38:47Z,153,kvasir_ported,xtuhcy_gecco__generated_v3_claude,generated-v3,AZ4o20ei7ECLXxhJrSKP,True
claude,20260514T193807Z__YeautyYE_netty-websocket-spring-boot-starter__eb4d0a6b,YeautyYE_netty-websocket-spring-boot-starter,original,lidskjalv-original,passed,,passed,2026-05-14T23:39:05Z,2026-05-14T23:41:29Z,144,brokk_original,YeautyYE_netty-websocket-spring-boot-starter__original,original,AZ4o3cYctnJWG3UStzEL,True
claude,20260514T193807Z__YeautyYE_netty-websocket-spring-boot-starter__eb4d0a6b,YeautyYE_netty-websocket-spring-boot-starter,generated,lidskjalv-generated,passed,,passed,2026-05-15T00:27:08Z,2026-05-15T00:29:42Z,154,kvasir_ported,YeautyYE_netty-websocket-spring-boot-starter__generated_claude,generated,AZ4pCeg5CFT794HD7HZT,True
claude,20260514T193807Z__YeautyYE_netty-websocket-spring-boot-starter__eb4d0a6b,YeautyYE_netty-websocket-spring-boot-starter,v2,lidskjalv-generated-v2,passed,,passed,2026-05-15T00:58:08Z,2026-05-15T01:00:26Z,138,kvasir_ported,YeautyYE_netty-websocket-spring-boot-starter__generated_v2_claude,generated-v2,AZ4pJgvB96KjGFq-fgIc,True
claude,20260514T193807Z__YeautyYE_netty-websocket-spring-boot-starter__eb4d0a6b,YeautyYE_netty-websocket-spring-boot-starter,v3,lidskjalv-generated-v3,passed,,passed,2026-05-15T01:29:05Z,2026-05-15T01:31:30Z,145,kvasir_ported,YeautyYE_netty-websocket-spring-boot-starter__generated_v3_claude,generated-v3,AZ4pQn16Yuf4Jk4pOdqw,True
claude,20260515T132132Z__JMCuixy_swagger2word__0da57120,JMCuixy_swagger2word,original,lidskjalv-original,passed,,passed,2026-05-15T13:21:50Z,2026-05-15T13:26:07Z,257,brokk_original,JMCuixy_swagger2word__original,original,AZ4r0JXrAtZWVZVfjFGR,True
claude,20260515T132132Z__JMCuixy_swagger2word__0da57120,JMCuixy_swagger2word,generated,lidskjalv-generated,passed,,passed,2026-05-15T14:05:33Z,2026-05-15T14:09:17Z,224,kvasir_ported,JMCuixy_swagger2word__generated_claude,generated,AZ4r-CDItnJWG3USuN9W,True
claude,20260515T132132Z__JMCuixy_swagger2word__0da57120,JMCuixy_swagger2word,v2,lidskjalv-generated-v2,passed,,passed,2026-05-15T14:43:03Z,2026-05-15T14:46:21Z,198,kvasir_ported,JMCuixy_swagger2word__generated_v2_claude,generated-v2,AZ4sGfiXtnJWG3USuPwp,True
claude,20260515T132132Z__JMCuixy_swagger2word__0da57120,JMCuixy_swagger2word,v3,lidskjalv-generated-v3,passed,,passed,2026-05-15T15:13:03Z,2026-05-15T15:16:18Z,195,kvasir_ported,JMCuixy_swagger2word__generated_v3_claude,generated-v3,AZ4sNX0f96KjGFq-f9ZD,True
claude,20260515T132141Z__eugene-khyst_postgresql-event-sourcing__90faafbb,eugene-khyst_postgresql-event-sourcing,original,lidskjalv-original,passed,,passed,2026-05-15T15:16:37Z,2026-05-15T15:21:50Z,313,brokk_original,eugene-khyst_postgresql-event-sourcing__original,original,AZ4sOmptO2RmsyyAecrv,True
claude,20260515T132141Z__eugene-khyst_postgresql-event-sourcing__90faafbb,eugene-khyst_postgresql-event-sourcing,generated,lidskjalv-generated,passed,,passed,2026-05-15T16:15:21Z,2026-05-15T16:18:38Z,197,kvasir_ported,eugene-khyst_postgresql-event-sourcing__generated_claude,generated,AZ4sboMBCu9-4Mh-U8cD,True
claude,20260515T132141Z__eugene-khyst_postgresql-event-sourcing__90faafbb,eugene-khyst_postgresql-event-sourcing,v2,lidskjalv-generated-v2,passed,,passed,2026-05-15T17:21:29Z,2026-05-15T17:24:10Z,161,kvasir_ported,eugene-khyst_postgresql-event-sourcing__generated_v2_claude,generated-v2,AZ4sqpKjCFT794HD7qgB,True
claude,20260515T132141Z__eugene-khyst_postgresql-event-sourcing__90faafbb,eugene-khyst_postgresql-event-sourcing,v3,lidskjalv-generated-v3,passed,,passed,2026-05-15T19:57:45Z,2026-05-15T20:00:40Z,175,andvari,eugene-khyst_postgresql-event-sourcing__generated_v3_claude,generated-v3,AZ4tOdOQAtZWVZVfjUgp,True
claude,20260515T132149Z__facebook_SoLoader__d3d721fb,facebook_SoLoader,original,lidskjalv-original,failed,no_build_file,failed,2026-05-15T20:01:04Z,2026-05-15T20:01:05Z,1,brokk_original,facebook_SoLoader__original,original,,False
claude,20260515T132149Z__facebook_SoLoader__d3d721fb,facebook_SoLoader,generated,lidskjalv-generated,passed,,passed,2026-05-15T20:52:54Z,2026-05-15T20:55:23Z,149,kvasir_ported,facebook_SoLoader__generated_claude,generated,AZ4ta9Z0CFT794HD7wZO,True
claude,20260515T132149Z__facebook_SoLoader__d3d721fb,facebook_SoLoader,v2,lidskjalv-generated-v2,passed,,passed,2026-05-15T21:38:27Z,2026-05-15T21:41:40Z,193,kvasir_ported,facebook_SoLoader__generated_v2_claude,generated-v2,AZ4tlk72AtZWVZVfjWyw,True
claude,20260515T132149Z__facebook_SoLoader__d3d721fb,facebook_SoLoader,v3,lidskjalv-generated-v3,passed,,passed,2026-05-15T22:31:27Z,2026-05-15T22:34:15Z,168,kvasir_ported,facebook_SoLoader__generated_v3_claude,generated-v3,AZ4txnOt7ECLXxhJr-Pl,True
claude,20260515T132155Z__feiniaojin_graceful-response__cf1cd118,feiniaojin_graceful-response,original,lidskjalv-original,passed,,passed,2026-05-15T22:34:29Z,2026-05-15T22:37:53Z,204,brokk_original,feiniaojin_graceful-response__original,original,AZ4tydB9O2RmsyyAepDh,True
claude,20260515T132155Z__feiniaojin_graceful-response__cf1cd118,feiniaojin_graceful-response,generated,lidskjalv-generated,passed,,passed,2026-05-15T23:12:34Z,2026-05-15T23:15:40Z,186,kvasir_ported,feiniaojin_graceful-response__generated_claude,generated,AZ4t7GbuAtZWVZVfjYGT,True
claude,20260515T132155Z__feiniaojin_graceful-response__cf1cd118,feiniaojin_graceful-response,v2,lidskjalv-generated-v2,passed,,passed,2026-05-16T00:00:44Z,2026-05-16T00:03:10Z,146,kvasir_ported,feiniaojin_graceful-response__generated_v2_claude,generated-v2,AZ4uF9bTtnJWG3USuf0I,True
claude,20260515T132155Z__feiniaojin_graceful-response__cf1cd118,feiniaojin_graceful-response,v3,lidskjalv-generated-v3,passed,,passed,2026-05-16T00:47:19Z,2026-05-16T00:50:20Z,181,kvasir_ported,feiniaojin_graceful-response__generated_v3_claude,generated-v3,AZ4uQt2CAtZWVZVfjY9a,True
claude,20260515T132202Z__jenkinsci_jenkinsfile-runner__9be9c0fb,jenkinsci_jenkinsfile-runner,original,lidskjalv-original,failed,unknown,failed,2026-05-16T00:50:35Z,2026-05-16T01:07:16Z,1001,brokk_original,jenkinsci_jenkinsfile-runner__original,original,,False
claude,20260515T132202Z__jenkinsci_jenkinsfile-runner__9be9c0fb,jenkinsci_jenkinsfile-runner,generated,lidskjalv-generated,passed,,passed,2026-05-16T01:56:36Z,2026-05-16T02:02:29Z,353,kvasir_ported,jenkinsci_jenkinsfile-runner__generated_claude,generated,AZ4uhTCsCFT794HD70GC,True
claude,20260515T132202Z__jenkinsci_jenkinsfile-runner__9be9c0fb,jenkinsci_jenkinsfile-runner,v2,lidskjalv-generated-v2,passed,,passed,2026-05-16T03:03:35Z,2026-05-16T03:09:35Z,360,kvasir_ported,jenkinsci_jenkinsfile-runner__generated_v2_claude,generated-v2,AZ4uwqV9CFT794HD70gd,True
claude,20260515T132202Z__jenkinsci_jenkinsfile-runner__9be9c0fb,jenkinsci_jenkinsfile-runner,v3,lidskjalv-generated-v3,failed,build_failure,failed,2026-05-16T05:03:56Z,2026-05-16T05:06:04Z,128,kvasir_ported,jenkinsci_jenkinsfile-runner__generated_v3_claude,generated-v3,,False
claude,20260515T132208Z__mitre_HTTP-Proxy-Servlet__c799c5e1,mitre_HTTP-Proxy-Servlet,original,lidskjalv-original,passed,,passed,2026-05-16T05:06:18Z,2026-05-16T05:09:51Z,213,brokk_original,mitre_HTTP-Proxy-Servlet__original,original,AZ4vMMC6ddhyVuvCrj4u,True
claude,20260515T132208Z__mitre_HTTP-Proxy-Servlet__c799c5e1,mitre_HTTP-Proxy-Servlet,generated,lidskjalv-generated,passed,,passed,2026-05-16T05:48:38Z,2026-05-16T05:52:58Z,260,kvasir_ported,mitre_HTTP-Proxy-Servlet__generated_claude,generated,AZ4vWDvJtnJWG3USuiO4,True
claude,20260515T132208Z__mitre_HTTP-Proxy-Servlet__c799c5e1,mitre_HTTP-Proxy-Servlet,v2,lidskjalv-generated-v2,passed,,passed,2026-05-16T06:37:23Z,2026-05-16T06:41:26Z,243,kvasir_ported,mitre_HTTP-Proxy-Servlet__generated_v2_claude,generated-v2,AZ4vhJYjAtZWVZVfjbNd,True
claude,20260515T132208Z__mitre_HTTP-Proxy-Servlet__c799c5e1,mitre_HTTP-Proxy-Servlet,v3,lidskjalv-generated-v3,passed,,passed,2026-05-16T09:06:51Z,2026-05-16T09:10:13Z,202,andvari,mitre_HTTP-Proxy-Servlet__generated_v3_claude,generated-v3,AZ4wDNJvAtZWVZVfjcPb,True
claude,20260518T082419Z__stealthcopter_AndroidNetworkTools__a82af8a5,stealthcopter_AndroidNetworkTools,original,lidskjalv-original,failed,cli_fallback_failed,failed,2026-05-18T08:24:54Z,2026-05-18T08:28:15Z,201,brokk_original,stealthcopter_AndroidNetworkTools__original,original,,False
claude,20260518T082419Z__stealthcopter_AndroidNetworkTools__a82af8a5,stealthcopter_AndroidNetworkTools,generated,lidskjalv-generated,passed,,passed,2026-05-18T09:01:34Z,2026-05-18T09:04:10Z,156,kvasir_ported,stealthcopter_AndroidNetworkTools__generated_claude,generated,AZ46VADx_qq5qsgHzyC7,True
claude,20260518T082419Z__stealthcopter_AndroidNetworkTools__a82af8a5,stealthcopter_AndroidNetworkTools,v2,lidskjalv-generated-v2,passed,,passed,2026-05-18T09:37:18Z,2026-05-18T09:40:15Z,177,kvasir_ported,stealthcopter_AndroidNetworkTools__generated_v2_claude,generated-v2,AZ46dQe_9zUh2mLHk-kY,True
claude,20260518T082419Z__stealthcopter_AndroidNetworkTools__a82af8a5,stealthcopter_AndroidNetworkTools,v3,lidskjalv-generated-v3,passed,,passed,2026-05-18T10:07:11Z,2026-05-18T10:09:27Z,136,kvasir_ported,stealthcopter_AndroidNetworkTools__generated_v3_claude,generated-v3,AZ46j8R__k6z6UU_4t7B,True
