agent,blocker_violations,bugs,classes,code_smells,cognitive_complexity,comment_lines,comment_lines_density,complexity,coverage,critical_violations,duplicated_blocks,duplicated_files,duplicated_lines,duplicated_lines_density,files,functions,info_violations,major_violations,minor_violations,ncloc,project_key,reliability_rating,repo_slug,security_hotspots,security_rating,sqale_index,sqale_rating,statements,variant,vulnerabilities
claude,1,7,153,475,200,4,0.1,844,22.9,50,28,20,195,4.5,143,650,4,178,249,3609,19MisterX98_SeedcrackerX__generated_claude,3.0,19MisterX98_SeedcrackerX,2,1.0,3375,1.0,1328,generated,0
codex,0,6,144,298,157,2,0.1,663,44.0,11,6,6,108,2.5,142,487,2,82,209,3396,19MisterX98_SeedcrackerX__generated_codex,3.0,19MisterX98_SeedcrackerX,0,1.0,2324,1.0,965,generated,0
claude,0,7,78,394,188,0,0.0,535,33.7,24,5,5,80,2.5,74,357,28,118,231,2616,19MisterX98_SeedcrackerX__generated_v2_claude,3.0,19MisterX98_SeedcrackerX,1,1.0,2769,1.0,919,v2,0
codex,0,4,142,228,167,2,0.1,709,65.9,1,0,0,0,0.0,140,494,3,42,186,3515,19MisterX98_SeedcrackerX__generated_v2_codex,3.0,19MisterX98_SeedcrackerX,0,1.0,2035,1.0,970,v2,0
claude,0,10,142,376,148,102,3.5,638,50.9,4,7,3,105,2.8,126,501,31,91,260,2800,19MisterX98_SeedcrackerX__generated_v3_claude,3.0,19MisterX98_SeedcrackerX,1,1.0,2675,1.0,1071,v3,0
codex,0,12,151,306,232,49,0.9,788,0.0,32,7,7,225,3.5,158,503,3,85,199,5234,19MisterX98_SeedcrackerX__generated_v3_codex,3.0,19MisterX98_SeedcrackerX,1,3.0,2336,1.0,1220,v3,1
,0,6,82,350,1130,125,2.2,1193,0.0,27,15,9,205,2.9,72,375,7,51,272,5528,19MisterX98_SeedcrackerX__original,3.0,19MisterX98_SeedcrackerX,4,3.0,3429,1.0,2847,original,1
claude,0,0,63,197,468,13,0.4,662,0.0,8,2,2,76,2.0,62,349,0,98,91,3093,DantSu_ESCPOS-ThermalPrinter-Android__generated_claude,1.0,DantSu_ESCPOS-ThermalPrinter-Android,0,1.0,1884,1.0,1334,generated,0
codex,0,0,62,79,249,3,0.1,543,64.0,3,0,0,0,0.0,60,336,0,32,44,2464,DantSu_ESCPOS-ThermalPrinter-Android__generated_codex,1.0,DantSu_ESCPOS-ThermalPrinter-Android,1,1.0,879,1.0,910,generated,0
claude,2,0,65,174,292,0,0.0,541,35.6,18,0,0,0,0.0,62,330,16,70,68,2619,DantSu_ESCPOS-ThermalPrinter-Android__generated_v2_claude,1.0,DantSu_ESCPOS-ThermalPrinter-Android,0,1.0,1423,1.0,1040,v2,0
codex,1,1,62,87,264,3,0.1,539,58.0,2,0,0,0,0.0,59,328,10,34,41,2543,DantSu_ESCPOS-ThermalPrinter-Android__generated_v2_codex,3.0,DantSu_ESCPOS-ThermalPrinter-Android,1,1.0,1043,1.0,908,v2,0
claude,3,1,71,140,420,66,2.3,627,0.0,7,4,4,126,3.6,66,366,2,72,58,2799,DantSu_ESCPOS-ThermalPrinter-Android__generated_v3_claude,3.0,DantSu_ESCPOS-ThermalPrinter-Android,0,4.0,1415,1.0,1187,v3,1
codex,0,1,61,72,231,0,0.0,512,0.1,5,0,0,0,0.0,62,331,0,28,40,2399,DantSu_ESCPOS-ThermalPrinter-Android__generated_v3_codex,3.0,DantSu_ESCPOS-ThermalPrinter-Android,1,1.0,854,1.0,860,v3,0
,0,2,48,139,449,326,9.2,555,0.0,18,0,0,0,0.0,57,247,0,31,94,3201,DantSu_ESCPOS-ThermalPrinter-Android__original,3.0,DantSu_ESCPOS-ThermalPrinter-Android,24,3.0,1167,1.0,1245,original,2
claude,0,2,7,92,209,14,1.3,224,0.0,13,9,1,136,11.3,7,88,0,49,32,1044,EsotericSoftware_reflectasm__generated_claude,2.0,EsotericSoftware_reflectasm,0,1.0,958,1.0,689,generated,0
codex,0,0,12,52,94,1,0.1,159,0.0,3,0,0,0,0.0,8,115,0,46,3,868,EsotericSoftware_reflectasm__generated_codex,1.0,EsotericSoftware_reflectasm,0,1.0,332,1.0,321,generated,0
claude,0,2,7,156,274,4,0.4,219,0.0,18,20,3,245,19.0,7,81,0,97,43,1092,EsotericSoftware_reflectasm__generated_v2_claude,2.0,EsotericSoftware_reflectasm,0,1.0,1287,1.0,672,v2,0
codex,0,1,11,44,155,2,0.2,207,0.0,2,0,0,0,0.0,8,90,0,42,1,880,EsotericSoftware_reflectasm__generated_v2_codex,2.0,EsotericSoftware_reflectasm,0,1.0,297,1.0,361,v2,0
claude,0,0,7,128,193,0,0.0,221,0.0,9,23,3,230,18.3,7,83,0,86,33,1057,EsotericSoftware_reflectasm__generated_v3_claude,1.0,EsotericSoftware_reflectasm,0,1.0,966,1.0,674,v3,0
codex,0,1,14,71,106,0,0.0,165,0.0,7,0,0,0,0.0,8,112,0,57,8,878,EsotericSoftware_reflectasm__generated_v3_codex,2.0,EsotericSoftware_reflectasm,0,1.0,660,1.0,377,v3,0
,0,3,5,232,197,50,4.2,192,84.3,31,15,3,271,19.4,6,67,3,71,130,1144,EsotericSoftware_reflectasm__original,3.0,EsotericSoftware_reflectasm,0,1.0,1822,2.0,702,original,0
claude,0,0,151,72,100,254,6.1,299,5.1,8,6,4,156,2.7,145,286,2,39,23,3930,Grt1228_chatgpt-java__generated_claude,1.0,Grt1228_chatgpt-java,1,1.0,628,1.0,557,generated,0
codex,1,2,151,73,158,0,0.0,471,7.0,11,0,0,0,0.0,150,377,2,27,34,4423,Grt1228_chatgpt-java__generated_codex,2.0,Grt1228_chatgpt-java,0,1.0,587,1.0,854,generated,0
claude,0,0,149,79,109,0,0.0,309,22.4,8,4,4,80,1.6,146,288,3,45,23,4283,Grt1228_chatgpt-java__generated_v2_claude,1.0,Grt1228_chatgpt-java,1,1.0,601,1.0,547,v2,0
codex,1,1,153,63,108,0,0.0,392,41.4,9,2,2,34,0.7,148,354,3,22,29,3945,Grt1228_chatgpt-java__generated_v2_codex,3.0,Grt1228_chatgpt-java,1,1.0,465,1.0,537,v2,0
claude,2,3,153,337,115,0,0.0,286,7.0,9,2,2,34,0.7,144,257,231,46,52,4364,Grt1228_chatgpt-java__generated_v3_claude,3.0,Grt1228_chatgpt-java,1,1.0,993,1.0,523,v3,0
codex,0,7,153,42,137,0,0.0,408,45.9,5,4,2,64,1.3,149,350,1,16,27,3955,Grt1228_chatgpt-java__generated_v3_codex,2.0,Grt1228_chatgpt-java,0,1.0,268,1.0,591,v3,0
,0,14,200,322,213,1974,21.9,552,0.0,54,36,14,788,6.5,159,440,26,205,51,7039,Grt1228_chatgpt-java__original,3.0,Grt1228_chatgpt-java,23,1.0,3005,1.0,1520,original,0
claude,0,0,19,83,347,0,0.0,292,52.6,18,12,4,370,22.0,20,83,4,46,16,1435,JMCuixy_swagger2word__generated_claude,1.0,JMCuixy_swagger2word,1,3.0,1197,1.0,748,generated,1
codex,0,0,20,59,231,0,0.0,351,80.6,12,14,4,260,13.7,21,171,0,43,5,1610,JMCuixy_swagger2word__generated_codex,1.0,JMCuixy_swagger2word,0,3.0,391,1.0,712,generated,1
claude,0,0,20,87,428,0,0.0,311,60.9,20,14,2,456,25.2,21,82,5,34,29,1583,JMCuixy_swagger2word__generated_v2_claude,1.0,JMCuixy_swagger2word,1,3.0,1034,1.0,781,v2,1
codex,0,0,20,43,201,0,0.0,312,69.0,17,4,3,80,4.9,21,154,0,18,9,1404,JMCuixy_swagger2word__generated_v2_codex,1.0,JMCuixy_swagger2word,0,3.0,405,1.0,636,v2,1
claude,0,1,20,128,615,0,0.0,425,53.5,49,16,2,450,19.7,21,127,9,56,16,2005,JMCuixy_swagger2word__generated_v3_claude,3.0,JMCuixy_swagger2word,1,3.0,1110,1.0,1002,v3,1
codex,1,0,21,46,187,0,0.0,337,71.8,11,6,6,146,8.0,22,177,0,21,16,1568,JMCuixy_swagger2word__generated_v3_codex,1.0,JMCuixy_swagger2word,0,5.0,331,1.0,672,v3,3
,0,1,19,135,532,331,15.0,384,0.0,39,24,7,478,17.2,20,125,4,44,50,1878,JMCuixy_swagger2word__original,3.0,JMCuixy_swagger2word,3,3.0,962,1.0,958,original,1
codex,1,0,17,39,191,2,0.2,223,88.3,10,2,1,36,2.9,9,105,0,17,11,1080,JakeWharton_RxRelay__generated,1.0,JakeWharton_RxRelay,0,1.0,316,1.0,520,generated,0
claude,0,3,16,55,175,173,15.2,205,0.0,16,0,0,0,0.0,8,101,0,28,14,962,JakeWharton_RxRelay__generated_claude,2.0,JakeWharton_RxRelay,0,1.0,590,1.0,486,generated,0
codex,1,0,17,115,212,0,0.0,232,0.0,16,4,2,56,4.3,9,103,70,20,8,1117,JakeWharton_RxRelay__generated_v2,1.0,JakeWharton_RxRelay,0,1.0,651,1.0,531,v2,0
claude,0,0,16,31,184,7,0.7,201,0.0,10,6,2,91,8.1,8,97,0,19,2,953,JakeWharton_RxRelay__generated_v2_claude,1.0,JakeWharton_RxRelay,0,1.0,271,1.0,470,v2,0
codex,0,0,19,60,167,0,0.0,194,0.0,9,6,2,92,8.4,7,97,0,13,38,933,JakeWharton_RxRelay__generated_v3,1.0,JakeWharton_RxRelay,0,1.0,237,1.0,460,v3,0
claude,0,8,17,69,175,72,7.0,203,0.0,14,4,2,90,7.2,7,94,0,39,24,957,JakeWharton_RxRelay__generated_v3_claude,3.0,JakeWharton_RxRelay,0,1.0,678,1.0,492,v3,0
,2,7,16,78,234,266,18.6,234,89.8,17,4,2,73,3.9,8,101,0,17,49,1163,JakeWharton_RxRelay__original,3.0,JakeWharton_RxRelay,3,1.0,670,1.0,555,original,0
claude,7,1,88,170,299,28,1.1,509,0.0,16,4,4,48,1.5,79,341,62,61,25,2621,LianjiaTech_retrofit-spring-boot-starter__generated_claude,5.0,LianjiaTech_retrofit-spring-boot-starter,0,1.0,1029,1.0,953,generated,0
codex,7,0,88,120,239,3,0.1,566,0.0,6,4,4,106,2.9,83,384,75,8,24,2943,LianjiaTech_retrofit-spring-boot-starter__generated_codex,1.0,LianjiaTech_retrofit-spring-boot-starter,0,1.0,426,1.0,853,generated,0
claude,7,1,90,187,300,151,5.5,388,0.0,7,6,4,90,2.5,80,242,72,69,33,2619,LianjiaTech_retrofit-spring-boot-starter__generated_v2_claude,3.0,LianjiaTech_retrofit-spring-boot-starter,0,1.0,1183,1.0,884,v2,0
codex,7,1,94,109,314,2,0.1,545,0.0,6,4,4,96,2.7,89,345,70,6,21,2873,LianjiaTech_retrofit-spring-boot-starter__generated_v2_codex,3.0,LianjiaTech_retrofit-spring-boot-starter,0,1.0,358,1.0,852,v2,0
claude,1,1,80,247,264,143,5.5,357,15.9,14,4,4,166,4.9,80,223,126,59,48,2472,LianjiaTech_retrofit-spring-boot-starter__generated_v3_claude,5.0,LianjiaTech_retrofit-spring-boot-starter,0,1.0,1188,1.0,790,v3,0
codex,7,0,86,120,247,0,0.0,516,0.0,7,2,2,26,0.8,84,336,72,9,25,2766,LianjiaTech_retrofit-spring-boot-starter__generated_v3_codex,1.0,LianjiaTech_retrofit-spring-boot-starter,1,1.0,460,1.0,777,v3,0
,8,2,104,69,295,533,14.6,428,61.6,8,7,5,307,6.2,78,263,8,12,35,3122,LianjiaTech_retrofit-spring-boot-starter__original,5.0,LianjiaTech_retrofit-spring-boot-starter,0,1.0,607,1.0,879,original,0
claude,0,2,87,156,417,1,0.0,639,22.2,13,2,2,86,1.9,57,373,0,78,67,3811,Meituan-Dianping_walle__generated_claude,2.0,Meituan-Dianping_walle,0,1.0,1155,1.0,1612,generated,0
codex,0,3,69,50,256,1,0.0,526,51.7,4,2,2,68,2.0,62,348,0,15,34,2784,Meituan-Dianping_walle__generated_codex,2.0,Meituan-Dianping_walle,0,1.0,461,1.0,1055,generated,0
claude,0,4,69,140,309,421,12.6,499,0.0,18,2,2,114,2.6,52,299,1,40,85,2930,Meituan-Dianping_walle__generated_v2_claude,4.0,Meituan-Dianping_walle,0,1.0,827,1.0,1175,v2,0
codex,0,3,74,42,261,2,0.1,537,0.0,5,2,2,52,1.6,54,356,0,23,17,2678,Meituan-Dianping_walle__generated_v2_codex,2.0,Meituan-Dianping_walle,0,1.0,274,1.0,1038,v2,0
claude,1,5,82,156,365,137,4.4,542,22.2,20,6,6,126,3.3,58,335,1,98,42,3010,Meituan-Dianping_walle__generated_v3_claude,5.0,Meituan-Dianping_walle,0,4.0,1508,1.0,1348,v3,1
codex,0,3,68,53,207,0,0.0,457,57.4,8,2,2,62,2.2,55,297,0,28,21,2406,Meituan-Dianping_walle__generated_v3_codex,3.0,Meituan-Dianping_walle,0,4.0,329,1.0,930,v3,1
,0,4,88,168,675,2168,29.5,807,0.0,14,6,4,94,1.0,67,401,12,45,105,5184,Meituan-Dianping_walle__original,2.0,Meituan-Dianping_walle,8,3.0,1269,1.0,2004,original,4
codex,0,1,53,178,428,247,8.1,685,84.0,14,0,0,0,0.0,48,434,1,35,129,2803,Mojang_brigadier__generated_codex,2.0,Mojang_brigadier,0,1.0,1176,1.0,1147,generated,0
claude,0,1,53,99,428,247,8.0,685,0.0,21,0,0,0,0.0,48,434,1,33,45,2823,Mojang_brigadier__generated_v2_claude,2.0,Mojang_brigadier,0,1.0,769,1.0,1147,v2,0
codex,0,1,53,180,428,247,8.1,685,84.1,13,0,0,0,0.0,48,434,1,34,133,2805,Mojang_brigadier__generated_v2_codex,2.0,Mojang_brigadier,0,1.0,1160,1.0,1147,v2,0
claude,0,1,53,174,428,247,8.1,685,83.6,14,0,0,0,0.0,48,434,1,30,130,2813,Mojang_brigadier__generated_v3_claude,2.0,Mojang_brigadier,0,1.0,1160,1.0,1147,v3,0
codex,0,1,53,186,428,247,8.1,685,84.1,13,0,0,0,0.0,48,434,1,43,130,2801,Mojang_brigadier__generated_v3_codex,2.0,Mojang_brigadier,0,1.0,1206,1.0,1147,v3,0
,0,1,53,157,428,247,8.2,685,0.0,11,0,0,0,0.0,47,434,1,28,118,2754,Mojang_brigadier__original,2.0,Mojang_brigadier,0,1.0,1071,1.0,1147,original,0
codex,6,5,70,168,134,0,0.0,507,0.0,28,12,12,456,14.3,54,359,36,41,62,2645,Netflix_concurrency-limits__generated_codex,3.0,Netflix_concurrency-limits,1,1.0,1129,1.0,918,generated,0
claude,2,3,65,149,147,0,0.0,482,0.0,24,12,10,296,9.8,49,328,6,59,61,2418,Netflix_concurrency-limits__generated_v2_claude,3.0,Netflix_concurrency-limits,1,1.0,1201,1.0,875,v2,0
codex,6,10,69,202,173,0,0.0,526,0.0,27,12,8,325,10.4,51,348,78,33,68,2571,Netflix_concurrency-limits__generated_v2_codex,3.0,Netflix_concurrency-limits,1,1.0,1191,1.0,911,v2,0
claude,2,5,64,145,147,12,0.5,443,0.0,20,4,4,58,1.9,49,305,6,55,67,2396,Netflix_concurrency-limits__generated_v3_claude,3.0,Netflix_concurrency-limits,1,1.0,1173,1.0,820,v3,0
codex,7,5,72,139,118,1,0.0,455,0.0,47,8,6,142,4.8,54,322,6,32,52,2399,Netflix_concurrency-limits__generated_v3_codex,3.0,Netflix_concurrency-limits,1,1.0,1074,1.0,827,v3,0
,1,10,107,247,306,675,10.9,846,0.0,36,16,16,1186,13.7,84,541,27,78,116,5544,Netflix_concurrency-limits__original,5.0,Netflix_concurrency-limits,4,3.0,1745,1.0,2041,original,1
claude,1,3,103,306,334,0,0.0,758,13.7,61,0,0,0,0.0,96,606,11,150,86,3839,RikkaApps_Shizuku-API__generated_claude,3.0,RikkaApps_Shizuku-API,0,1.0,1806,1.0,1280,generated,0
codex,1,5,102,157,199,19,0.6,663,44.5,29,0,0,0,0.0,92,533,0,94,38,3203,RikkaApps_Shizuku-API__generated_codex,5.0,RikkaApps_Shizuku-API,0,1.0,956,1.0,954,generated,0
claude,4,11,114,414,266,24,0.6,724,32.9,43,0,0,0,0.0,95,620,0,231,148,3906,RikkaApps_Shizuku-API__generated_v2_claude,5.0,RikkaApps_Shizuku-API,0,3.0,2590,1.0,1310,v2,1
codex,2,4,109,144,273,0,0.0,719,50.3,18,0,0,0,0.0,86,548,0,85,43,3284,RikkaApps_Shizuku-API__generated_v2_codex,5.0,RikkaApps_Shizuku-API,0,1.0,846,1.0,1070,v2,0
claude,4,5,108,283,271,1,0.0,682,0.0,31,0,0,0,0.0,93,542,0,200,53,2902,RikkaApps_Shizuku-API__generated_v3_claude,5.0,RikkaApps_Shizuku-API,1,1.0,1778,1.0,1162,v3,0
codex,2,3,101,187,196,1,0.0,657,45.2,18,0,0,0,0.0,87,508,0,104,66,2917,RikkaApps_Shizuku-API__generated_v3_codex,5.0,RikkaApps_Shizuku-API,0,1.0,1187,1.0,881,v3,0
,0,4,81,219,626,404,8.4,734,0.0,40,0,0,0,0.0,82,376,1,144,42,4399,RikkaApps_Shizuku-API__original,3.0,RikkaApps_Shizuku-API,17,4.0,3029,1.0,1878,original,4
claude,11,0,108,99,116,25,1.0,233,0.0,3,0,0,0,0.0,100,226,13,59,13,2604,TheoKanning_openai-java__generated_claude,1.0,TheoKanning_openai-java,0,1.0,935,1.0,400,generated,0
codex,1,0,140,138,158,0,0.0,413,0.0,7,0,0,0,0.0,137,345,24,42,64,3453,TheoKanning_openai-java__generated_codex,1.0,TheoKanning_openai-java,0,1.0,1176,1.0,530,generated,0
claude,0,0,136,172,202,19,0.6,310,0.0,8,0,0,0,0.0,134,243,11,64,90,3339,TheoKanning_openai-java__generated_v2_claude,1.0,TheoKanning_openai-java,0,3.0,1673,1.0,562,v2,1
codex,0,0,134,130,138,0,0.0,319,0.0,4,0,0,0,0.0,131,262,24,42,60,3217,TheoKanning_openai-java__generated_v2_codex,1.0,TheoKanning_openai-java,0,1.0,992,1.0,451,v2,0
claude,1,1,134,198,194,12,0.4,278,0.0,10,4,1,24,0.8,130,220,38,67,83,2667,TheoKanning_openai-java__generated_v3_claude,4.0,TheoKanning_openai-java,0,1.0,1571,1.0,468,v3,0
codex,0,0,137,148,195,0,0.0,449,0.0,7,0,0,0,0.0,130,353,23,41,77,3902,TheoKanning_openai-java__generated_v3_codex,1.0,TheoKanning_openai-java,0,1.0,1202,1.0,627,v3,0
,2,3,138,202,177,802,19.3,273,4.3,16,2,2,41,0.6,128,235,42,77,68,3359,TheoKanning_openai-java__original,5.0,TheoKanning_openai-java,5,1.0,1618,1.0,559,original,0
claude,0,0,39,93,251,0,0.0,348,12.0,13,0,0,0,0.0,40,219,0,44,36,2103,YeautyYE_netty-websocket-spring-boot-starter__generated_claude,1.0,YeautyYE_netty-websocket-spring-boot-starter,0,1.0,696,1.0,772,generated,0
codex,0,4,42,58,288,1,0.0,405,58.0,19,0,0,0,0.0,42,240,0,9,34,2250,YeautyYE_netty-websocket-spring-boot-starter__generated_codex,2.0,YeautyYE_netty-websocket-spring-boot-starter,0,1.0,409,1.0,804,generated,0
claude,0,0,39,28,214,4,0.2,325,7.0,6,0,0,0,0.0,40,211,1,16,5,1891,YeautyYE_netty-websocket-spring-boot-starter__generated_v2_claude,1.0,YeautyYE_netty-websocket-spring-boot-starter,0,1.0,248,1.0,691,v2,0
codex,0,1,41,68,181,0,0.0,334,66.3,10,0,0,0,0.0,42,220,0,13,46,1884,YeautyYE_netty-websocket-spring-boot-starter__generated_v2_codex,2.0,YeautyYE_netty-websocket-spring-boot-starter,0,1.0,348,1.0,639,v2,0
claude,3,1,39,111,225,20,1.1,325,20.3,15,0,0,0,0.0,40,203,0,25,69,1861,YeautyYE_netty-websocket-spring-boot-starter__generated_v3_claude,2.0,YeautyYE_netty-websocket-spring-boot-starter,0,1.0,536,1.0,677,v3,0
codex,1,1,44,37,206,0,0.0,369,69.9,13,0,0,0,0.0,41,217,0,8,16,2043,YeautyYE_netty-websocket-spring-boot-starter__generated_v3_codex,2.0,YeautyYE_netty-websocket-spring-boot-starter,0,1.0,221,1.0,695,v3,0
,0,2,38,88,382,107,4.6,383,0.0,6,2,2,38,1.3,39,213,1,29,54,2243,YeautyYE_netty-websocket-spring-boot-starter__original,3.0,YeautyYE_netty-websocket-spring-boot-starter,6,1.0,768,1.0,882,original,0
claude,1,0,63,202,261,62,2.4,635,23.1,4,0,0,0,0.0,63,411,1,114,82,2541,airbnb_native-navigation__generated_claude,1.0,airbnb_native-navigation,0,1.0,1009,1.0,994,generated,0
codex,1,1,130,325,482,5,0.1,1224,0.0,35,4,4,76,1.3,119,860,1,155,134,4534,airbnb_native-navigation__generated_codex,2.0,airbnb_native-navigation,0,1.0,1493,1.0,1524,generated,0
claude,5,3,183,675,464,30,0.7,1473,9.1,189,8,8,106,2.0,151,1152,3,345,136,4473,airbnb_native-navigation__generated_v2_claude,5.0,airbnb_native-navigation,0,1.0,4072,1.0,1944,v2,0
codex,0,0,135,290,303,0,0.0,1010,0.0,63,4,4,66,1.3,120,794,1,175,51,4009,airbnb_native-navigation__generated_v2_codex,1.0,airbnb_native-navigation,0,1.0,2046,1.0,1188,v2,0
claude,3,4,57,255,387,0,0.0,783,15.1,32,6,4,86,2.1,57,447,1,157,66,3384,airbnb_native-navigation__generated_v3_claude,3.0,airbnb_native-navigation,0,1.0,1488,1.0,1352,v3,0
codex,1,2,135,284,306,1,0.0,954,0.0,32,0,0,0,0.0,129,735,1,146,106,3834,airbnb_native-navigation__generated_v3_codex,2.0,airbnb_native-navigation,0,1.0,1199,1.0,1207,v3,0
,1,1,132,335,761,852,8.3,1721,0.0,60,10,5,407,3.3,148,899,70,151,57,9410,airbnb_native-navigation__original,3.0,airbnb_native-navigation,4,3.0,1745,1.0,3888,original,3
codex,1,1,67,127,284,2,0.1,607,1.2,11,17,13,545,15.9,65,405,21,42,55,2837,amitshekhariitbhu_Android-Debug-Database__generated,5.0,amitshekhariitbhu_Android-Debug-Database,1,4.0,890,1.0,1053,generated,2
claude,1,0,87,173,469,15,0.5,789,0.0,34,29,22,929,24.3,79,467,3,85,52,3169,amitshekhariitbhu_Android-Debug-Database__generated_claude,1.0,amitshekhariitbhu_Android-Debug-Database,0,5.0,1154,1.0,1366,generated,2
codex,0,0,66,99,312,0,0.0,602,61.6,8,9,7,409,11.8,61,386,0,32,60,2899,amitshekhariitbhu_Android-Debug-Database__generated_v2,1.0,amitshekhariitbhu_Android-Debug-Database,3,4.0,879,1.0,1091,v2,1
claude,1,4,79,209,583,131,2.9,950,24.6,63,56,25,1411,24.8,78,522,3,84,63,4433,amitshekhariitbhu_Android-Debug-Database__generated_v2_claude,2.0,amitshekhariitbhu_Android-Debug-Database,0,5.0,1839,1.0,1755,v2,1
codex,1,1,70,85,279,0,0.0,539,39.9,8,17,10,321,10.3,66,344,0,40,40,2585,amitshekhariitbhu_Android-Debug-Database__generated_v3,5.0,amitshekhariitbhu_Android-Debug-Database,3,4.0,748,1.0,965,v3,3
claude,24,18,80,157,527,147,4.2,671,24.1,34,12,10,451,10.3,79,398,0,84,41,3383,amitshekhariitbhu_Android-Debug-Database__generated_v3_claude,5.0,amitshekhariitbhu_Android-Debug-Database,4,3.0,1468,1.0,1428,v3,8
,0,0,58,195,449,345,8.6,528,0.0,82,28,20,1126,16.9,93,284,15,28,71,3688,amitshekhariitbhu_Android-Debug-Database__original,1.0,amitshekhariitbhu_Android-Debug-Database,25,3.0,1227,1.0,1457,original,1
codex,5,3,56,55,155,4,0.2,442,68.7,21,0,0,0,0.0,54,336,3,16,14,2203,amitshekhariitbhu_PRDownloader__generated,2.0,amitshekhariitbhu_PRDownloader,0,4.0,446,1.0,742,generated,1
claude,5,4,56,74,216,9,0.4,474,0.1,20,2,1,30,1.0,53,368,3,27,23,2288,amitshekhariitbhu_PRDownloader__generated_claude,2.0,amitshekhariitbhu_PRDownloader,3,1.0,681,1.0,815,generated,0
codex,5,6,51,54,139,10,0.5,396,0.0,5,0,0,0,0.0,51,312,7,14,29,1967,amitshekhariitbhu_PRDownloader__generated_v2,3.0,amitshekhariitbhu_PRDownloader,0,1.0,359,1.0,655,v2,0
claude,12,4,62,119,191,3,0.1,468,11.9,37,0,0,0,0.0,61,352,2,41,32,2408,amitshekhariitbhu_PRDownloader__generated_v2_claude,5.0,amitshekhariitbhu_PRDownloader,3,5.0,859,1.0,869,v2,1
codex,4,6,51,68,147,3,0.2,411,70.7,8,2,2,44,1.8,50,306,1,21,40,1983,amitshekhariitbhu_PRDownloader__generated_v3,2.0,amitshekhariitbhu_PRDownloader,0,1.0,489,1.0,657,v3,0
claude,17,7,61,116,202,18,0.8,424,31.0,16,0,0,0,0.0,60,318,3,48,41,2281,amitshekhariitbhu_PRDownloader__generated_v3_claude,2.0,amitshekhariitbhu_PRDownloader,0,5.0,945,1.0,792,v3,2
,10,11,47,110,265,104,2.4,543,0.0,13,0,0,0,0.0,58,289,3,43,53,4250,amitshekhariitbhu_PRDownloader__original,5.0,amitshekhariitbhu_PRDownloader,15,3.0,643,1.0,1372,original,1
claude,1,3,81,138,256,135,5.0,607,0.0,12,0,0,0,0.0,81,423,1,83,44,2559,awaitility_awaitility__generated_claude,3.0,awaitility_awaitility,0,1.0,1531,1.0,954,generated,0
codex,1,1,85,159,225,0,0.0,625,0.0,10,0,0,0,0.0,84,452,1,82,66,2918,awaitility_awaitility__generated_codex,3.0,awaitility_awaitility,0,1.0,1378,1.0,915,generated,0
claude,0,8,82,367,271,9,0.3,580,0.0,11,0,0,0,0.0,80,415,160,142,62,2789,awaitility_awaitility__generated_v2_claude,2.0,awaitility_awaitility,0,1.0,1947,1.0,973,v2,0
codex,1,10,81,143,199,0,0.0,561,0.0,7,0,0,0,0.0,82,410,1,89,55,2612,awaitility_awaitility__generated_v2_codex,3.0,awaitility_awaitility,0,1.0,1398,1.0,805,v2,0
claude,2,10,64,242,253,2,0.1,548,0.0,10,0,0,0,0.0,63,375,1,142,97,2509,awaitility_awaitility__generated_v3_claude,4.0,awaitility_awaitility,0,1.0,2169,1.0,896,v3,0
codex,1,0,80,103,209,0,0.0,539,0.0,4,0,0,0,0.0,80,376,1,59,38,2507,awaitility_awaitility__generated_v3_codex,1.0,awaitility_awaitility,0,1.0,968,1.0,818,v3,0
,1,12,87,193,330,1401,27.7,660,67.1,18,0,0,0,0.0,85,428,2,96,88,3653,awaitility_awaitility__original,4.0,awaitility_awaitility,0,1.0,1955,1.0,1123,original,0
claude,3,6,92,188,211,409,14.1,589,0.0,37,0,0,0,0.0,79,438,34,60,61,2485,elvishew_xLog__generated_claude,3.0,elvishew_xLog,0,5.0,1064,1.0,907,generated,1
codex,2,6,92,107,220,0,0.0,628,0.0,16,0,0,0,0.0,80,437,6,39,52,2630,elvishew_xLog__generated_codex,3.0,elvishew_xLog,0,5.0,764,1.0,901,generated,2
claude,1,10,96,421,235,11,0.4,619,0.0,29,0,0,0,0.0,82,450,251,67,84,2795,elvishew_xLog__generated_v2_claude,3.0,elvishew_xLog,0,5.0,1632,1.0,1051,v2,1
codex,3,6,91,77,207,0,0.0,608,0.0,17,0,0,0,0.0,80,424,6,33,26,2585,elvishew_xLog__generated_v2_codex,5.0,elvishew_xLog,0,5.0,598,1.0,864,v2,2
claude,5,7,76,90,239,158,6.4,494,0.0,4,0,0,0,0.0,66,325,1,35,53,2308,elvishew_xLog__generated_v3_claude,3.0,elvishew_xLog,0,5.0,822,1.0,876,v3,1
codex,1,1,88,108,234,0,0.0,610,0.0,15,0,0,0,0.0,78,409,6,40,48,2580,elvishew_xLog__generated_v3_codex,3.0,elvishew_xLog,0,5.0,849,1.0,906,v3,1
,0,54,97,144,434,1664,26.2,850,0.0,12,49,6,478,4.8,92,514,21,61,107,4690,elvishew_xLog__original,3.0,elvishew_xLog,11,3.0,1110,1.0,1882,original,3
codex,3,0,105,56,161,10,0.4,559,0.0,11,2,2,108,3.2,90,457,0,23,19,2664,esoxjem_MovieGuide__generated,1.0,esoxjem_MovieGuide,0,1.0,467,1.0,807,generated,0
claude,11,2,117,199,161,15,0.6,596,0.0,87,4,4,114,3.4,102,517,0,65,38,2598,esoxjem_MovieGuide__generated_claude,3.0,esoxjem_MovieGuide,0,1.0,1138,1.0,666,generated,0
codex,3,0,106,56,159,5,0.2,574,0.0,11,0,0,0,0.0,97,467,0,20,22,2724,esoxjem_MovieGuide__generated_v2,1.0,esoxjem_MovieGuide,0,1.0,375,1.0,805,v2,0
claude,5,2,84,97,71,12,0.5,427,0.0,10,2,2,60,2.0,76,422,0,59,25,2450,esoxjem_MovieGuide__generated_v2_claude,2.0,esoxjem_MovieGuide,0,1.0,575,1.0,591,v2,0
codex,3,0,98,55,130,2,0.1,487,0.0,11,0,0,0,0.0,92,407,0,29,12,2335,esoxjem_MovieGuide__generated_v3,1.0,esoxjem_MovieGuide,0,1.0,455,1.0,674,v3,0
claude,7,1,117,158,187,25,0.9,612,0.0,65,2,2,108,3.1,98,511,1,53,33,2746,esoxjem_MovieGuide__generated_v3_claude,2.0,esoxjem_MovieGuide,0,1.0,838,1.0,724,v3,0
,3,0,60,22,101,92,3.0,356,0.0,3,2,2,108,2.7,80,322,0,10,8,2930,esoxjem_MovieGuide__original,1.0,esoxjem_MovieGuide,2,3.0,206,1.0,675,original,2
claude,3,1,53,23,65,1,0.1,157,0.0,1,0,0,0,0.0,54,116,0,14,6,1657,eugene-khyst_postgresql-event-sourcing__generated_claude,5.0,eugene-khyst_postgresql-event-sourcing,0,1.0,222,1.0,345,generated,0
codex,3,1,55,32,129,1,0.0,324,0.0,20,0,0,0,0.0,55,235,0,7,3,2225,eugene-khyst_postgresql-event-sourcing__generated_codex,5.0,eugene-khyst_postgresql-event-sourcing,0,1.0,271,1.0,597,generated,0
claude,1,1,53,28,73,8,0.5,165,0.0,1,0,0,0,0.0,53,116,0,16,11,1671,eugene-khyst_postgresql-event-sourcing__generated_v2_claude,5.0,eugene-khyst_postgresql-event-sourcing,3,1.0,267,1.0,356,v2,0
codex,3,1,55,22,95,0,0.0,292,0.0,4,0,0,0,0.0,55,215,0,10,6,1984,eugene-khyst_postgresql-event-sourcing__generated_v2_codex,5.0,eugene-khyst_postgresql-event-sourcing,0,1.0,178,1.0,533,v2,0
claude,0,0,53,35,73,0,0.0,140,23.5,2,0,0,0,0.0,54,102,0,27,6,1563,eugene-khyst_postgresql-event-sourcing__generated_v3_claude,1.0,eugene-khyst_postgresql-event-sourcing,0,1.0,342,1.0,355,v3,0
codex,2,1,56,19,100,3,0.2,291,0.0,3,0,0,0,0.0,54,222,0,11,4,1877,eugene-khyst_postgresql-event-sourcing__generated_v3_codex,2.0,eugene-khyst_postgresql-event-sourcing,0,1.0,156,1.0,483,v3,0
,1,3,53,11,67,7,0.4,138,0.0,3,0,0,0,0.0,52,103,0,7,3,1580,eugene-khyst_postgresql-event-sourcing__original,5.0,eugene-khyst_postgresql-event-sourcing,0,1.0,131,1.0,321,original,0
claude,1,1,87,104,295,21,0.7,634,0.0,22,14,8,254,7.2,63,456,0,65,17,2833,evant_binding-collection-adapter__generated_claude,3.0,evant_binding-collection-adapter,0,1.0,852,1.0,1045,generated,0
codex,1,0,73,70,197,1,0.0,527,0.0,10,11,5,240,8.4,54,382,0,30,29,2311,evant_binding-collection-adapter__generated_codex,1.0,evant_binding-collection-adapter,0,1.0,582,1.0,773,generated,0
claude,0,0,70,108,154,110,5.3,381,0.0,14,7,3,103,3.8,53,284,1,72,21,1949,evant_binding-collection-adapter__generated_v2_claude,1.0,evant_binding-collection-adapter,0,1.0,883,1.0,665,v2,0
codex,0,0,69,124,153,10,0.5,425,0.0,14,4,4,70,2.9,55,318,0,61,49,1967,evant_binding-collection-adapter__generated_v2_codex,1.0,evant_binding-collection-adapter,0,1.0,626,1.0,615,v2,0
claude,0,6,81,145,261,15,0.6,561,0.0,27,9,5,77,2.5,57,395,2,92,30,2472,evant_binding-collection-adapter__generated_v3_claude,3.0,evant_binding-collection-adapter,0,1.0,967,1.0,932,v3,0
codex,0,5,74,42,169,1,0.0,466,0.0,6,4,4,88,3.2,57,349,0,20,21,2230,evant_binding-collection-adapter__generated_v3_codex,2.0,evant_binding-collection-adapter,0,1.0,419,1.0,699,v3,0
,0,4,92,64,302,290,6.2,556,0.0,13,22,11,641,11.0,97,337,2,48,15,4358,evant_binding-collection-adapter__original,3.0,evant_binding-collection-adapter,8,3.0,524,1.0,1345,original,10
claude,8,10,83,259,651,73,1.6,945,29.5,47,6,3,93,1.8,80,509,0,131,83,4352,facebook_SoLoader__generated_claude,5.0,facebook_SoLoader,8,1.0,2511,1.0,1992,generated,0
codex,1,2,81,86,451,11,0.3,816,38.0,5,2,2,34,0.8,76,493,0,49,34,3386,facebook_SoLoader__generated_codex,5.0,facebook_SoLoader,1,4.0,1336,1.0,1323,generated,1
claude,3,16,89,319,583,8,0.2,862,12.1,30,2,2,46,0.9,80,501,1,167,134,4234,facebook_SoLoader__generated_v2_claude,5.0,facebook_SoLoader,9,1.0,2958,1.0,1876,v2,0
codex,3,2,76,83,483,0,0.0,790,48.2,5,0,0,0,0.0,73,456,0,46,34,3505,facebook_SoLoader__generated_v2_codex,5.0,facebook_SoLoader,3,4.0,1344,1.0,1463,v2,3
claude,8,9,80,306,594,38,1.0,733,14.1,17,22,12,296,6.6,75,409,0,120,172,3798,facebook_SoLoader__generated_v3_claude,5.0,facebook_SoLoader,8,5.0,2440,1.0,1735,v3,2
codex,2,3,86,131,405,0,0.0,701,43.7,15,0,0,0,0.0,76,443,0,80,39,3211,facebook_SoLoader__generated_v3_codex,5.0,facebook_SoLoader,2,5.0,1613,1.0,1256,v3,2
,2,9,92,138,986,902,13.6,1099,0.0,18,4,2,76,0.8,68,499,5,56,66,5720,facebook_SoLoader__original,5.0,facebook_SoLoader,9,1.0,1638,1.0,2530,original,0
claude,0,0,54,93,201,14,0.6,380,54.6,4,2,2,32,1.2,55,269,0,70,19,2196,feiniaojin_graceful-response__generated_claude,1.0,feiniaojin_graceful-response,0,1.0,623,1.0,601,generated,0
codex,0,0,54,51,224,0,0.0,434,50.4,2,4,4,58,2.1,55,291,0,18,31,2282,feiniaojin_graceful-response__generated_codex,1.0,feiniaojin_graceful-response,0,1.0,298,1.0,653,generated,0
claude,2,1,54,83,236,0,0.0,456,58.3,10,4,4,92,3.1,55,325,0,52,20,2369,feiniaojin_graceful-response__generated_v2_claude,3.0,feiniaojin_graceful-response,0,1.0,633,1.0,724,v2,0
codex,0,0,58,30,212,0,0.0,433,51.2,2,0,0,0,0.0,56,294,0,17,11,2308,feiniaojin_graceful-response__generated_v2_codex,1.0,feiniaojin_graceful-response,0,1.0,222,1.0,609,v2,0
claude,0,1,54,93,204,1,0.0,387,54.8,5,2,2,30,1.1,55,291,0,64,25,2261,feiniaojin_graceful-response__generated_v3_claude,4.0,feiniaojin_graceful-response,0,1.0,585,1.0,625,v3,0
codex,0,0,53,40,154,0,0.0,365,38.6,6,0,0,0,0.0,54,265,0,26,8,2073,feiniaojin_graceful-response__generated_v3_codex,1.0,feiniaojin_graceful-response,0,1.0,278,1.0,539,v3,0
,0,0,53,7,192,398,14.2,364,0.0,3,0,0,0,0.0,54,261,0,1,3,2407,feiniaojin_graceful-response__original,1.0,feiniaojin_graceful-response,0,1.0,95,1.0,725,original,0
codex,9,2,85,109,181,5,0.2,469,0.0,15,2,2,102,3.3,78,331,9,60,18,2520,frohoff_ysoserial__generated,3.0,frohoff_ysoserial,0,1.0,1097,1.0,711,generated,0
claude,12,9,77,291,185,105,3.3,379,0.0,9,2,2,32,0.8,72,265,2,146,131,3090,frohoff_ysoserial__generated_claude,5.0,frohoff_ysoserial,2,1.0,2490,1.0,1043,generated,0
codex,10,2,79,92,188,13,0.5,418,0.0,10,0,0,0,0.0,80,302,8,54,12,2390,frohoff_ysoserial__generated_v2,5.0,frohoff_ysoserial,0,1.0,954,1.0,650,v2,0
claude,9,8,64,213,173,58,2.1,293,0.0,13,20,12,251,7.6,62,198,1,128,70,2741,frohoff_ysoserial__generated_v2_claude,4.0,frohoff_ysoserial,2,1.0,2537,1.0,997,v2,0
codex,9,2,82,82,152,5,0.2,434,0.0,4,2,2,28,0.9,79,321,0,51,20,2432,frohoff_ysoserial__generated_v3,3.0,frohoff_ysoserial,0,1.0,817,1.0,732,v3,0
,15,16,77,286,266,739,15.2,441,0.0,31,6,6,151,2.5,63,277,5,173,82,4108,frohoff_ysoserial__original,5.0,frohoff_ysoserial,12,5.0,2901,1.0,1475,original,4
claude,0,1,119,224,183,13,0.4,546,0.0,14,11,9,70,1.6,120,441,94,62,55,3589,gothinkster_spring-boot-realworld-example-app__generated_claude,3.0,gothinkster_spring-boot-realworld-example-app,1,1.0,716,1.0,907,generated,0
codex,28,2,129,281,135,1,0.0,707,0.0,12,6,6,122,2.3,130,601,94,49,101,4349,gothinkster_spring-boot-realworld-example-app__generated_codex,3.0,gothinkster_spring-boot-realworld-example-app,1,3.0,1267,1.0,1004,generated,1
claude,28,2,116,253,111,9,0.3,318,0.0,3,0,0,0,0.0,116,259,94,76,54,3055,gothinkster_spring-boot-realworld-example-app__generated_v2_claude,3.0,gothinkster_spring-boot-realworld-example-app,1,1.0,965,1.0,602,v2,0
codex,28,2,145,321,155,0,0.0,726,0.0,38,4,4,72,1.3,139,607,94,54,109,4409,gothinkster_spring-boot-realworld-example-app__generated_v2_codex,3.0,gothinkster_spring-boot-realworld-example-app,1,1.0,1684,1.0,1076,v2,0
claude,0,2,119,209,150,13,0.4,324,0.0,4,0,0,0,0.0,118,241,94,56,58,3199,gothinkster_spring-boot-realworld-example-app__generated_v3_claude,3.0,gothinkster_spring-boot-realworld-example-app,1,3.0,596,1.0,639,v3,1
codex,0,3,139,193,167,0,0.0,818,0.0,25,16,10,306,5.5,137,680,94,20,57,4372,gothinkster_spring-boot-realworld-example-app__generated_v3_codex,3.0,gothinkster_spring-boot-realworld-example-app,1,1.0,968,1.0,1173,v3,0
,0,17,164,443,249,6,0.1,777,28.9,86,8,7,150,2.3,116,586,94,108,173,5229,gothinkster_spring-boot-realworld-example-app__original,3.0,gothinkster_spring-boot-realworld-example-app,2,3.0,1296,1.0,1305,original,1
codex,7,6,34,385,302,0,0.0,690,8.3,6,0,0,0,0.0,34,428,6,41,333,3253,happyfish100_fastdfs-client-java__generated,5.0,happyfish100_fastdfs-client-java,1,5.0,1942,1.0,1371,generated,2
claude,7,17,34,747,411,88,2.2,699,13.3,18,4,1,62,1.3,32,387,2,68,671,3893,happyfish100_fastdfs-client-java__generated_claude,5.0,happyfish100_fastdfs-client-java,1,5.0,3207,1.0,1974,generated,2
codex,5,2,35,259,264,3,0.1,609,0.0,1,0,0,0,0.0,34,379,0,23,234,3036,happyfish100_fastdfs-client-java__generated_v2,5.0,happyfish100_fastdfs-client-java,1,5.0,1494,1.0,1276,v2,2
claude,6,7,33,306,354,30,0.9,635,0.0,11,7,2,97,2.5,31,348,1,57,240,3379,happyfish100_fastdfs-client-java__generated_v2_claude,5.0,happyfish100_fastdfs-client-java,1,5.0,2150,1.0,1752,v2,2
codex,4,16,35,259,210,5,0.2,542,0.0,17,0,0,0,0.0,34,349,2,30,224,2530,happyfish100_fastdfs-client-java__generated_v3,5.0,happyfish100_fastdfs-client-java,1,5.0,1490,1.0,1005,v3,2
claude,4,14,32,253,383,10,0.3,636,13.5,14,11,2,196,4.6,32,340,0,63,188,3695,happyfish100_fastdfs-client-java__generated_v3_claude,5.0,happyfish100_fastdfs-client-java,1,5.0,1900,1.0,1872,v3,2
,10,18,33,872,726,1341,21.8,831,1.9,29,40,2,426,5.2,30,374,1,129,723,4813,happyfish100_fastdfs-client-java__original,5.0,happyfish100_fastdfs-client-java,38,5.0,4077,1.0,2540,original,2
claude,10,1,66,128,326,570,17.5,542,0.0,22,10,7,139,3.1,67,335,0,59,40,2695,j-easy_easy-rules__generated_claude,2.0,j-easy_easy-rules,0,2.0,1375,1.0,970,generated,2
codex,0,0,67,113,211,0,0.0,513,0.0,23,2,2,34,1.1,68,347,4,46,41,2499,j-easy_easy-rules__generated_codex,1.0,j-easy_easy-rules,0,2.0,1263,1.0,815,generated,1
claude,1,1,66,140,273,505,15.6,508,0.0,28,3,3,63,1.5,67,333,0,69,44,2737,j-easy_easy-rules__generated_v2_claude,2.0,j-easy_easy-rules,0,2.0,1220,1.0,929,v2,1
codex,0,0,69,112,238,0,0.0,510,0.0,26,3,3,54,1.8,67,335,4,38,45,2452,j-easy_easy-rules__generated_v2_codex,1.0,j-easy_easy-rules,0,2.0,1122,1.0,813,v2,1
claude,0,0,65,123,231,618,19.1,489,0.0,22,6,6,123,2.7,66,322,4,66,32,2614,j-easy_easy-rules__generated_v3_claude,1.0,j-easy_easy-rules,0,2.0,1313,1.0,890,v3,1
codex,0,0,70,107,209,0,0.0,501,0.0,25,0,0,0,0.0,68,328,0,58,25,2463,j-easy_easy-rules__generated_v3_codex,1.0,j-easy_easy-rules,0,2.0,1146,1.0,824,v3,1
,0,0,66,122,262,601,14.6,524,77.9,20,2,2,50,0.7,81,337,0,79,24,3522,j-easy_easy-rules__original,1.0,j-easy_easy-rules,0,2.0,1075,1.0,984,original,1
claude,1,3,12,97,143,83,10.0,156,0.0,6,0,0,0,0.0,6,74,0,67,26,750,jOOQ_jOOR__generated_claude,2.0,jOOQ_jOOR,0,1.0,627,1.0,329,generated,0
codex,1,3,10,104,171,0,0.0,207,0.0,5,0,0,0,0.0,6,91,0,60,41,916,jOOQ_jOOR__generated_codex,2.0,jOOQ_jOOR,0,1.0,564,1.0,418,generated,0
claude,1,3,9,156,132,20,2.8,152,0.0,5,0,0,0,0.0,6,70,56,60,37,694,jOOQ_jOOR__generated_v2_claude,2.0,jOOQ_jOOR,0,1.0,713,1.0,313,v2,0
codex,1,3,9,156,188,0,0.0,228,0.0,7,0,0,0,0.0,5,89,56,60,35,923,jOOQ_jOOR__generated_v2_codex,2.0,jOOQ_jOOR,0,1.0,715,1.0,467,v2,0
claude,1,3,12,133,154,24,3.1,147,0.0,8,0,0,0,0.0,6,70,0,102,25,761,jOOQ_jOOR__generated_v3_claude,2.0,jOOQ_jOOR,0,1.0,991,1.0,367,v3,0
codex,1,4,12,151,140,0,0.0,184,0.0,5,0,0,0,0.0,6,85,60,49,40,788,jOOQ_jOOR__generated_v3_codex,2.0,jOOQ_jOOR,0,1.0,595,1.0,315,v3,0
,1,3,9,106,222,419,30.5,159,0.0,12,0,0,0,0.0,5,70,0,66,30,953,jOOQ_jOOR__original,2.0,jOOQ_jOOR,0,1.0,813,1.0,308,original,0
claude,3,2,42,86,222,19,1.0,324,0.0,8,0,0,0,0.0,41,178,0,55,26,1940,jenkinsci_jenkinsfile-runner__generated_claude,3.0,jenkinsci_jenkinsfile-runner,1,5.0,910,1.0,625,generated,4
codex,7,2,75,99,233,8,0.3,523,0.0,14,0,0,0,0.0,71,306,0,37,50,2303,jenkinsci_jenkinsfile-runner__generated_codex,4.0,jenkinsci_jenkinsfile-runner,0,5.0,794,1.0,809,generated,7
claude,2,0,42,104,196,19,1.1,293,0.0,6,0,0,0,0.0,41,167,0,66,31,1730,jenkinsci_jenkinsfile-runner__generated_v2_claude,1.0,jenkinsci_jenkinsfile-runner,0,4.0,878,1.0,526,v2,1
codex,5,6,75,94,203,0,0.0,435,0.0,6,0,0,0,0.0,74,253,1,48,40,2023,jenkinsci_jenkinsfile-runner__generated_v2_codex,5.0,jenkinsci_jenkinsfile-runner,0,1.0,731,1.0,642,v2,0
claude,1,1,62,96,250,159,3.7,456,0.0,16,14,6,587,11.2,81,271,4,55,25,4186,jenkinsci_jenkinsfile-runner__generated_v3_claude,5.0,jenkinsci_jenkinsfile-runner,0,4.0,815,1.0,1141,v3,4
codex,5,0,79,72,204,0,0.0,410,0.0,7,0,0,0,0.0,78,270,1,19,42,2094,jenkinsci_jenkinsfile-runner__generated_v3_codex,1.0,jenkinsci_jenkinsfile-runner,1,5.0,604,1.0,712,v3,2
,2,10,56,240,400,519,10.0,474,0.0,18,0,0,0,0.0,92,260,41,139,54,4647,jenkinsci_jenkinsfile-runner__original,5.0,jenkinsci_jenkinsfile-runner,25,5.0,1742,1.0,1084,original,4
claude,6,14,69,348,281,86,2.3,410,0.0,6,5,3,104,2.3,70,277,23,97,230,3606,linkedin_kafka-monitor__generated_claude,5.0,linkedin_kafka-monitor,0,1.0,1531,1.0,1183,generated,0
codex,0,3,117,291,247,0,0.0,634,0.0,11,9,4,94,2.1,107,472,7,82,194,3814,linkedin_kafka-monitor__generated_codex,2.0,linkedin_kafka-monitor,1,1.0,993,1.0,1173,generated,0
claude,1,4,60,312,275,15,0.6,333,0.0,5,10,4,114,3.6,61,214,24,59,227,2657,linkedin_kafka-monitor__generated_v2_claude,3.0,linkedin_kafka-monitor,1,1.0,1415,1.0,793,v2,0
codex,0,1,113,124,236,0,0.0,609,42.9,17,7,6,118,2.7,108,459,1,96,11,3670,linkedin_kafka-monitor__generated_v2_codex,2.0,linkedin_kafka-monitor,0,1.0,690,1.0,1152,v2,0
claude,1,5,70,278,307,497,11.3,440,0.0,2,4,4,47,0.8,71,267,0,73,207,3919,linkedin_kafka-monitor__generated_v3_claude,3.0,linkedin_kafka-monitor,0,1.0,1349,1.0,1296,v3,0
codex,0,0,108,232,141,0,0.0,478,0.0,9,5,3,69,1.9,102,392,0,77,146,3016,linkedin_kafka-monitor__generated_v3_codex,1.0,linkedin_kafka-monitor,0,1.0,877,1.0,823,v3,0
,0,32,89,394,575,626,9.5,667,0.0,40,5,3,92,0.7,99,353,8,138,244,5994,linkedin_kafka-monitor__original,4.0,linkedin_kafka-monitor,6,3.0,1895,1.0,2086,original,4
claude,0,0,79,107,126,56,2.0,343,0.0,14,0,0,0,0.0,80,322,2,80,11,2743,macrozheng_mall-tiny__generated_claude,1.0,macrozheng_mall-tiny,1,1.0,663,1.0,646,generated,0
codex,0,4,106,48,223,0,0.0,792,0.0,11,4,4,136,2.8,106,640,2,27,14,3954,macrozheng_mall-tiny__generated_codex,4.0,macrozheng_mall-tiny,1,3.0,286,1.0,1217,generated,2
claude,0,0,80,126,156,16,0.5,378,0.0,22,0,0,0,0.0,80,327,0,97,10,2980,macrozheng_mall-tiny__generated_v2_claude,1.0,macrozheng_mall-tiny,1,3.0,795,1.0,763,v2,3
codex,2,0,93,38,219,0,0.0,739,0.0,6,4,4,104,2.2,87,584,2,25,6,3864,macrozheng_mall-tiny__generated_v2_codex,1.0,macrozheng_mall-tiny,1,5.0,316,1.0,1218,v2,3
claude,0,1,79,229,142,18,0.6,335,0.0,15,0,0,0,0.0,80,295,94,78,43,2827,macrozheng_mall-tiny__generated_v3_claude,4.0,macrozheng_mall-tiny,1,1.0,863,1.0,672,v3,0
codex,0,4,82,71,282,0,0.0,747,0.0,4,4,4,112,2.5,82,548,2,41,30,3698,macrozheng_mall-tiny__generated_v3_codex,3.0,macrozheng_mall-tiny,1,2.0,451,1.0,1208,v3,2
,7,2,80,52,140,507,12.0,353,0.0,7,0,0,0,0.0,94,324,0,29,18,3720,macrozheng_mall-tiny__original,3.0,macrozheng_mall-tiny,1,5.0,286,1.0,783,original,7
codex,0,2,92,120,184,0,0.0,548,0.0,46,5,5,122,3.5,84,423,19,36,21,2742,mbechler_marshalsec__generated,2.0,mbechler_marshalsec,0,1.0,1006,1.0,728,generated,0
claude,18,2,79,291,339,395,10.4,648,0.0,37,68,15,733,15.0,79,415,19,134,85,3405,mbechler_marshalsec__generated_claude,5.0,mbechler_marshalsec,2,1.0,2921,1.0,1272,generated,0
codex,0,1,83,105,136,0,0.0,400,0.0,32,5,3,64,2.4,84,326,19,42,13,2140,mbechler_marshalsec__generated_v2,2.0,mbechler_marshalsec,0,1.0,836,1.0,588,v2,0
claude,0,22,88,233,436,212,3.9,742,0.0,49,19,9,234,3.6,87,458,0,149,57,5224,mbechler_marshalsec__generated_v2_claude,3.0,mbechler_marshalsec,0,1.0,3193,1.0,1687,v2,0
codex,0,2,81,97,141,4,0.2,384,0.0,28,0,0,0,0.0,78,313,19,37,15,2099,mbechler_marshalsec__generated_v3,3.0,mbechler_marshalsec,0,1.0,798,1.0,579,v3,0
claude,18,2,77,234,168,106,4.1,395,0.0,25,13,9,218,6.9,69,312,0,125,70,2502,mbechler_marshalsec__generated_v3_claude,5.0,mbechler_marshalsec,0,4.0,2458,1.0,904,v3,2
,21,5,71,249,213,337,9.2,395,0.0,42,0,0,0,0.0,64,259,1,111,81,3336,mbechler_marshalsec__original,5.0,mbechler_marshalsec,6,5.0,2891,1.0,1131,original,2
claude,1,6,5,65,145,33,4.1,156,0.0,4,0,0,0,0.0,4,47,0,48,18,767,mitre_HTTP-Proxy-Servlet__generated_claude,5.0,mitre_HTTP-Proxy-Servlet,0,1.0,514,1.0,374,generated,0
codex,0,5,3,25,180,0,0.0,222,0.0,1,0,0,0,0.0,4,68,0,16,14,989,mitre_HTTP-Proxy-Servlet__generated_codex,3.0,mitre_HTTP-Proxy-Servlet,0,2.0,181,1.0,448,generated,1
claude,6,9,4,43,172,8,1.1,148,0.0,10,0,0,0,0.0,4,39,0,28,9,747,mitre_HTTP-Proxy-Servlet__generated_v2_claude,5.0,mitre_HTTP-Proxy-Servlet,1,2.0,412,1.0,362,v2,1
codex,0,4,4,19,173,4,0.4,212,0.0,4,0,0,0,0.0,4,59,0,12,7,895,mitre_HTTP-Proxy-Servlet__generated_v2_codex,3.0,mitre_HTTP-Proxy-Servlet,0,1.0,120,1.0,388,v2,0
claude,1,7,3,23,137,14,1.9,136,44.1,2,0,0,0,0.0,4,38,0,20,7,739,mitre_HTTP-Proxy-Servlet__generated_v3_claude,5.0,mitre_HTTP-Proxy-Servlet,0,1.0,195,1.0,336,v3,0
codex,0,3,3,32,172,0,0.0,206,0.0,6,0,0,0,0.0,4,51,0,16,13,873,mitre_HTTP-Proxy-Servlet__generated_v3_codex,3.0,mitre_HTTP-Proxy-Servlet,0,1.0,167,1.0,393,v3,0
,3,6,2,67,153,246,19.9,144,85.9,7,0,0,0,0.0,5,41,5,45,13,992,mitre_HTTP-Proxy-Servlet__original,5.0,mitre_HTTP-Proxy-Servlet,0,1.0,395,1.0,343,original,0
claude,2,1,41,114,279,27,1.1,456,0.0,7,2,1,30,1.1,40,267,1,67,38,2342,monkeyWie_proxyee__generated_claude,3.0,monkeyWie_proxyee,0,1.0,844,1.0,810,generated,0
codex,0,1,40,44,232,0,0.0,453,0.0,16,4,3,54,2.1,39,281,0,10,19,2130,monkeyWie_proxyee__generated_codex,3.0,monkeyWie_proxyee,0,1.0,287,1.0,730,generated,0
claude,0,1,39,103,203,0,0.0,373,46.0,9,0,0,0,0.0,40,249,0,62,33,1949,monkeyWie_proxyee__generated_v2_claude,3.0,monkeyWie_proxyee,0,1.0,769,1.0,655,v2,0
codex,0,0,40,38,230,13,0.6,465,0.0,3,0,0,0,0.0,41,286,0,13,22,2137,monkeyWie_proxyee__generated_v2_codex,1.0,monkeyWie_proxyee,0,1.0,223,1.0,735,v2,0
claude,0,0,41,72,163,0,0.0,386,46.6,8,0,0,0,0.0,40,265,0,45,19,1875,monkeyWie_proxyee__generated_v3_claude,1.0,monkeyWie_proxyee,0,1.0,641,1.0,626,v3,0
codex,0,1,40,16,158,14,0.7,397,0.0,2,0,0,0,0.0,40,274,0,10,5,1900,monkeyWie_proxyee__generated_v3_codex,2.0,monkeyWie_proxyee,0,1.0,150,1.0,621,v3,0
,0,4,40,103,256,241,9.0,454,0.0,9,2,1,28,0.8,42,279,2,59,37,2441,monkeyWie_proxyee__original,3.0,monkeyWie_proxyee,10,1.0,818,1.0,848,original,0
claude,2,4,88,74,370,16,0.5,528,0.0,15,4,4,58,1.4,89,341,0,48,14,3437,mouzt_mzt-biz-log__generated_claude,4.0,mouzt_mzt-biz-log,4,5.0,574,1.0,998,generated,1
codex,2,0,107,51,359,3,0.1,867,0.0,5,6,4,208,4.3,103,602,0,24,21,3931,mouzt_mzt-biz-log__generated_codex,1.0,mouzt_mzt-biz-log,1,5.0,416,1.0,1258,generated,1
claude,3,2,84,94,294,9,0.3,444,0.0,13,2,2,38,1.1,82,311,0,68,13,3003,mouzt_mzt-biz-log__generated_v2_claude,3.0,mouzt_mzt-biz-log,1,5.0,666,1.0,894,v2,1
codex,1,1,84,73,253,7,0.2,695,0.0,9,6,4,172,4.0,81,516,0,47,18,3525,mouzt_mzt-biz-log__generated_v2_codex,3.0,mouzt_mzt-biz-log,5,5.0,472,1.0,1005,v2,1
claude,2,0,76,79,276,39,1.5,379,0.0,9,2,2,56,1.8,77,244,0,29,39,2546,mouzt_mzt-biz-log__generated_v3_claude,1.0,mouzt_mzt-biz-log,0,1.0,472,1.0,764,v3,0
codex,1,0,108,89,287,0,0.0,688,0.0,16,4,2,114,2.7,104,516,0,40,32,3480,mouzt_mzt-biz-log__generated_v3_codex,1.0,mouzt_mzt-biz-log,1,1.0,825,1.0,1026,v3,0
,1,1,80,169,274,303,8.4,449,0.0,19,8,7,175,3.7,82,313,11,111,28,3321,mouzt_mzt-biz-log__original,3.0,mouzt_mzt-biz-log,1,1.0,848,1.0,995,original,0
claude,0,0,47,80,63,3,0.2,256,0.0,8,0,0,0,0.0,40,202,0,58,16,1505,pwittchen_ReactiveNetwork__generated_claude,1.0,pwittchen_ReactiveNetwork,0,4.0,650,1.0,437,generated,2
codex,0,0,35,25,64,0,0.0,266,0.0,4,4,4,54,3.4,27,188,0,15,8,1308,pwittchen_ReactiveNetwork__generated_codex,1.0,pwittchen_ReactiveNetwork,0,4.0,220,1.0,401,generated,2
claude,0,0,19,422,46,6,0.5,177,0.0,2,0,0,0,0.0,18,131,0,56,366,1153,pwittchen_ReactiveNetwork__generated_v2_claude,1.0,pwittchen_ReactiveNetwork,0,4.0,5856,3.0,355,v2,2
codex,0,0,39,45,83,0,0.0,277,0.0,14,2,2,22,1.2,33,189,0,20,13,1476,pwittchen_ReactiveNetwork__generated_v2_codex,1.0,pwittchen_ReactiveNetwork,0,4.0,359,1.0,420,v2,2
claude,4,0,39,90,69,0,0.0,255,0.0,8,0,0,0,0.0,32,190,0,69,11,1450,pwittchen_ReactiveNetwork__generated_v3_claude,1.0,pwittchen_ReactiveNetwork,0,4.0,674,1.0,453,v3,2
codex,0,0,36,28,76,0,0.0,262,0.0,4,4,4,60,3.6,28,171,0,10,16,1404,pwittchen_ReactiveNetwork__generated_v3_codex,1.0,pwittchen_ReactiveNetwork,0,4.0,245,1.0,405,v3,2
,0,0,29,34,78,554,17.2,333,0.0,2,4,4,72,1.6,50,252,0,23,15,2667,pwittchen_ReactiveNetwork__original,1.0,pwittchen_ReactiveNetwork,3,3.0,237,1.0,870,original,6
claude,2,2,39,93,267,133,7.9,313,0.0,12,0,0,0,0.0,38,170,0,36,45,1542,stealthcopter_AndroidNetworkTools__generated_claude,3.0,stealthcopter_AndroidNetworkTools,2,1.0,895,1.0,673,generated,0
codex,1,2,34,65,267,0,0.0,370,0.0,4,0,0,0,0.0,31,167,0,29,33,1552,stealthcopter_AndroidNetworkTools__generated_codex,2.0,stealthcopter_AndroidNetworkTools,0,1.0,453,1.0,684,generated,0
claude,1,5,24,114,219,7,0.5,264,0.0,8,2,1,36,2.2,25,141,0,83,27,1355,stealthcopter_AndroidNetworkTools__generated_v2_claude,3.0,stealthcopter_AndroidNetworkTools,1,1.0,1042,1.0,594,v2,0
codex,2,0,32,45,235,1,0.1,320,0.0,4,0,0,0,0.0,32,150,0,19,20,1440,stealthcopter_AndroidNetworkTools__generated_v2_codex,1.0,stealthcopter_AndroidNetworkTools,3,1.0,329,1.0,627,v2,0
claude,1,4,20,81,181,14,1.7,187,0.0,9,0,0,0,0.0,21,101,0,48,27,833,stealthcopter_AndroidNetworkTools__generated_v3_claude,4.0,stealthcopter_AndroidNetworkTools,0,1.0,701,1.0,427,v3,0
codex,1,0,34,69,214,3,0.2,304,0.0,4,0,0,0,0.0,35,138,0,30,34,1381,stealthcopter_AndroidNetworkTools__generated_v3_codex,1.0,stealthcopter_AndroidNetworkTools,0,1.0,395,1.0,598,v3,0
,6,20,33,114,244,395,16.7,336,0.0,14,0,0,0,0.0,44,178,1,68,49,1973,stealthcopter_AndroidNetworkTools__original,5.0,stealthcopter_AndroidNetworkTools,20,5.0,1179,1.0,753,original,4
codex,0,2,87,68,194,0,0.0,659,0.0,8,2,2,56,1.3,88,487,0,28,37,3501,ulisesbocchio_jasypt-spring-boot__generated,4.0,ulisesbocchio_jasypt-spring-boot,0,4.0,487,1.0,967,generated,3
claude,1,2,89,180,263,122,3.2,678,0.0,10,8,8,204,4.2,87,465,55,43,77,3647,ulisesbocchio_jasypt-spring-boot__generated_claude,2.0,ulisesbocchio_jasypt-spring-boot,0,5.0,927,1.0,1123,generated,4
codex,1,4,86,73,234,0,0.0,649,0.0,10,2,2,36,0.9,86,440,0,37,30,3163,ulisesbocchio_jasypt-spring-boot__generated_v2,4.0,ulisesbocchio_jasypt-spring-boot,0,4.0,574,1.0,954,v2,1
claude,1,4,88,189,273,16,0.5,709,0.0,9,10,9,194,4.5,86,463,37,70,78,3539,ulisesbocchio_jasypt-spring-boot__generated_v2_claude,4.0,ulisesbocchio_jasypt-spring-boot,0,4.0,849,1.0,1161,v2,2
codex,0,0,89,83,238,0,0.0,642,0.0,9,0,0,0,0.0,89,437,0,45,31,3360,ulisesbocchio_jasypt-spring-boot__generated_v3,1.0,ulisesbocchio_jasypt-spring-boot,0,4.0,591,1.0,928,v3,2
claude,0,0,107,152,229,675,8.2,682,0.0,16,8,6,114,1.2,134,461,0,65,74,7563,ulisesbocchio_jasypt-spring-boot__generated_v3_claude,1.0,ulisesbocchio_jasypt-spring-boot,1,3.0,1146,1.0,1369,v3,3
,1,5,92,150,198,1160,23.0,537,16.2,8,2,2,44,0.7,89,332,55,38,55,3888,ulisesbocchio_jasypt-spring-boot__original,5.0,ulisesbocchio_jasypt-spring-boot,1,4.0,705,1.0,959,original,2
claude,0,5,46,187,801,35,1.2,724,25.0,14,51,20,856,24.3,42,244,0,103,75,2994,whwlsfb_JDumpSpider__generated_claude,3.0,whwlsfb_JDumpSpider,0,1.0,1252,1.0,1573,generated,0
codex,0,0,54,102,480,0,0.0,720,59.8,13,24,14,656,19.3,55,360,0,24,65,2894,whwlsfb_JDumpSpider__generated_codex,1.0,whwlsfb_JDumpSpider,0,1.0,668,1.0,1284,generated,0
claude,0,5,33,216,735,16,0.6,645,23.7,17,90,20,1215,40.1,34,197,97,84,23,2591,whwlsfb_JDumpSpider__generated_v2_claude,3.0,whwlsfb_JDumpSpider,0,1.0,971,1.0,1336,v2,0
codex,0,0,54,59,570,0,0.0,713,54.6,12,14,4,332,10.9,50,320,0,24,23,2608,whwlsfb_JDumpSpider__generated_v2_codex,1.0,whwlsfb_JDumpSpider,0,1.0,469,1.0,1183,v2,0
claude,0,2,34,155,1034,15,0.5,783,18.0,24,75,20,885,26.5,35,216,1,77,56,2939,whwlsfb_JDumpSpider__generated_v3_claude,3.0,whwlsfb_JDumpSpider,0,3.0,1401,1.0,1492,v3,1
codex,0,0,53,63,401,0,0.0,610,61.6,8,29,15,734,25.8,54,322,0,15,41,2386,whwlsfb_JDumpSpider__generated_v3_codex,1.0,whwlsfb_JDumpSpider,1,3.0,556,1.0,1024,v3,1
,3,17,33,253,682,270,9.9,584,0.0,16,38,18,606,18.8,37,210,2,158,92,2445,whwlsfb_JDumpSpider__original,5.0,whwlsfb_JDumpSpider,1,3.0,1793,1.0,1281,original,1
codex,3,10,131,157,410,1,0.0,868,52.0,17,0,0,0,0.0,129,659,3,56,88,4318,xtuhcy_gecco__generated,3.0,xtuhcy_gecco,2,1.0,1333,1.0,1407,generated,0
claude,11,5,126,331,641,54,1.1,871,0.0,22,0,0,0,0.0,127,601,3,168,132,4790,xtuhcy_gecco__generated_claude,5.0,xtuhcy_gecco,2,1.0,1992,1.0,1879,generated,0
codex,1,9,131,170,358,5,0.1,824,0.0,14,0,0,0,0.0,130,630,3,86,75,4176,xtuhcy_gecco__generated_v2,5.0,xtuhcy_gecco,1,1.0,1415,1.0,1345,v2,0
claude,4,4,158,256,643,156,2.9,862,8.1,19,2,2,32,0.5,155,550,3,173,61,5314,xtuhcy_gecco__generated_v2_claude,5.0,xtuhcy_gecco,31,1.0,2604,1.0,2318,v2,0
codex,3,10,128,131,379,0,0.0,779,0.0,9,0,0,0,0.0,128,573,3,65,61,4115,xtuhcy_gecco__generated_v3,3.0,xtuhcy_gecco,3,1.0,1103,1.0,1417,v3,0
claude,7,6,125,224,702,330,6.8,870,18.6,29,2,1,28,0.5,126,554,3,113,80,4529,xtuhcy_gecco__generated_v3_claude,5.0,xtuhcy_gecco,2,4.0,1634,1.0,1817,v3,2
,3,8,124,329,609,495,8.8,812,0.0,13,0,0,0,0.0,124,584,13,161,147,5108,xtuhcy_gecco__original,3.0,xtuhcy_gecco,29,1.0,2224,1.0,1887,original,0
